L1,L2,L3,F1,F2,F3,x1,y1,z1,x2,y2,z2,x3,y3,z3,x4,y4,z4,x5,y5,z5,x6,y6,z6,x7,y7,z7,x8,y8,z8,x9,y9,z9,x10,y10,z10,x11,y11,z11,x12,y12,z12,x13,y13,z13,x14,y14,z14,x15,y15,z15,x16,y16,z16,x17,y17,z17,x18,y18,z18,x19,y19,z19,x20,y20,z20
0.000,0.000,0.000,0.100,0.100,0.100,26.362,3.573,24.941,18.480,13.062,22.947,20.834,35.380,24.704,20.406,55.088,23.386,21.808,74.142,21.877,21.060,91.608,23.384,22.247,109.483,22.101,20.400,124.067,22.936,20.329,139.405,23.208,21.844,151.933,22.667,22.065,165.490,22.956,22.328,177.033,22.672,22.614,188.846,22.345,22.870,199.300,22.755,23.275,209.514,22.666,22.961,218.616,22.580,22.623,227.650,22.550,22.323,235.615,22.669,22.554,244.325,22.651,23.246,250.230,22.697
10.000,0.000,0.000,16.634,0.100,1.628,26.360,3.576,24.941,18.431,12.970,22.947,20.485,35.143,24.745,19.489,54.656,23.470,20.025,73.623,21.988,18.196,90.843,23.530,17.852,108.587,22.321,14.426,122.699,23.237,12.312,137.657,23.603,11.778,150.010,23.169,9.263,163.075,23.540,6.720,174.095,23.303,3.613,185.302,23.010,0.469,195.110,23.424,-2.930,204.614,23.294,-6.941,212.662,23.161,-11.271,220.452,23.030,-15.419,227.117,23.009,-19.899,234.374,22.802,-22.762,239.440,22.664
20.000,0.000,0.000,33.280,0.100,3.095,26.358,3.580,24.941,18.383,12.877,22.948,20.138,34.900,24.778,18.585,54.200,23.532,18.268,73.039,22.060,15.385,89.948,23.612,13.554,107.426,22.443,8.641,120.904,23.400,4.610,135.221,23.809,2.155,147.073,23.429,-2.845,159.121,23.803,-7.882,168.971,23.530,-13.960,178.652,23.170,-20.011,186.783,23.489,-26.571,194.261,23.209,-33.416,199.888,22.920,-40.639,204.847,22.575,-47.390,208.564,22.317,-54.893,212.146,21.824,-60.062,214.530,21.426
30.000,0.000,0.000,50.971,0.100,4.285,26.357,3.583,24.941,18.332,12.777,22.947,19.770,34.632,24.799,17.632,53.682,23.561,16.419,72.337,22.065,12.457,88.842,23.585,9.110,105.897,22.399,2.747,118.545,23.341,-3.132,131.935,23.720,-7.409,142.951,23.313,-14.640,153.464,23.583,-21.788,161.537,23.163,-30.255,168.866,22.606,-38.490,174.441,22.702,-47.214,178.832,22.124,-55.626,181.057,21.556,-64.132,182.155,20.878,-71.677,182.007,20.294,-79.771,180.984,19.432,-85.269,179.976,18.748
40.000,0.000,0.000,74.160,0.100,4.580,26.355,3.587,24.941,18.273,12.658,22.945,19.356,34.303,24.816,16.577,53.037,23.576,14.383,71.423,22.036,9.273,87.383,23.502,4.337,103.800,22.273,-3.462,115.354,23.179,-11.132,127.467,23.496,-17.119,137.309,23.018,-26.233,145.870,23.100,-34.904,151.823,22.389,-44.824,156.376,21.459,-54.195,159.020,21.168,-63.710,160.021,20.088,-72.156,158.821,19.051,-80.115,156.248,17.888,-86.636,152.668,16.947,-92.978,147.817,15.771,-96.959,144.045,14.932
50.000,0.000,0.000,101.593,0.100,5.942,26.352,3.591,24.941,18.202,12.507,22.945,18.841,33.877,24.851,15.269,52.176,23.627,11.858,70.147,22.067,5.363,85.299,23.505,-1.436,100.759,22.293,-10.753,110.750,23.227,-20.294,120.957,23.550,-28.082,129.086,23.076,-38.878,135.009,22.955,-48.639,138.283,22.052,-59.331,139.718,20.876,-68.912,139.344,20.394,-77.997,137.078,19.026,-85.220,132.903,17.674,-91.244,127.422,16.177,-95.398,121.390,15.018,-98.402,114.197,13.690,-99.697,108.915,12.780
60.000,0.000,0.000,129.867,0.100,0.100,26.350,3.595,24.941,18.145,12.378,22.948,18.432,33.501,24.893,14.240,51.408,23.704,9.878,68.977,22.161,2.353,83.362,23.616,-5.853,97.817,22.454,-16.224,106.321,23.434,-26.993,114.791,23.809,-35.792,121.114,23.351,-47.258,124.244,23.289,-57.363,124.664,22.442,-67.879,122.802,21.305,-76.609,119.356,20.823,-84.146,114.087,19.303,-89.135,107.579,17.768,-92.256,100.304,16.056,-93.152,93.247,14.620,-92.124,85.680,13.042,-90.347,80.575,12.079
70.000,0.000,0.000,145.907,0.100,8.582,26.348,3.599,24.941,18.094,12.258,22.954,18.031,33.159,24.971,13.234,50.726,23.847,7.953,67.878,22.388,-0.567,81.451,23.959,-10.117,94.887,23.024,-21.318,101.899,24.269,-33.028,108.572,24.995,-42.488,112.979,24.866,-54.007,113.172,25.119,-63.707,110.793,24.402,-72.823,105.918,23.143,-79.450,99.700,22.394,-83.937,91.882,20.617,-85.372,83.933,18.856,-84.554,76.179,16.967,-81.661,69.739,15.477,-76.562,64.046,14.040,-72.050,60.996,13.258
80.000,0.000,0.000,181.764,0.100,0.100,26.345,3.605,24.941,18.014,12.052,22.959,17.448,32.534,25.021,11.860,49.541,23.935,5.461,65.995,22.547,-4.166,78.453,24.192,-15.037,90.477,23.323,-26.884,95.814,24.603,-39.216,100.600,25.364,-48.928,103.200,25.200,-59.820,100.982,25.462,-68.516,96.379,24.789,-75.959,89.377,23.559,-80.587,81.659,22.775,-82.672,73.049,21.026,-81.579,65.213,19.261,-78.159,58.345,17.394,-73.090,53.536,16.054,-66.220,50.645,14.815,-60.804,50.174,14.314
90.000,0.000,0.000,278.764,0.100,0.100,26.342,3.610,24.940,17.936,11.828,22.959,16.922,31.853,25.014,10.678,48.267,23.844,3.408,63.976,22.402,-6.993,75.396,24.077,-18.673,86.184,23.362,-30.757,90.275,24.751,-43.259,93.823,25.466,-52.717,95.283,25.372,-62.350,91.449,25.774,-69.454,85.140,25.079,-74.845,76.745,23.828,-77.386,68.299,23.009,-77.333,59.677,21.233,-74.261,52.683,19.468,-68.980,47.432,17.699,-62.598,44.829,16.515,-55.073,44.656,15.626,-49.831,46.203,15.489
100.000,0.000,0.000,326.188,0.100,0.100,26.339,3.616,24.939,17.864,11.577,22.960,16.545,31.198,25.033,9.936,47.098,23.806,2.223,62.256,22.122,-8.496,72.923,23.338,-20.393,82.757,21.989,-32.419,85.902,23.227,-44.833,88.550,23.813,-53.843,89.337,23.814,-62.326,84.688,24.533,-68.203,77.532,24.208,-72.173,68.610,23.292,-73.376,60.228,22.616,-71.830,52.173,20.968,-67.392,46.103,19.389,-61.252,42.157,17.851,-54.640,41.193,16.888,-47.621,43.126,16.000,-43.165,46.248,15.850
110.000,0.000,0.000,348.281,0.100,0.100,26.337,3.620,24.939,17.798,11.369,22.969,16.263,30.687,25.026,9.406,46.127,23.755,1.398,60.771,22.098,-9.418,70.521,23.440,-21.588,79.412,22.306,-33.499,81.716,23.823,-45.661,83.662,24.538,-54.193,83.872,24.682,-61.962,78.634,25.461,-66.860,71.260,25.113,-70.001,62.487,24.103,-70.226,54.649,23.495,-67.263,47.316,22.091,-61.783,42.411,20.839,-55.144,39.889,19.574,-48.687,40.432,18.789,-42.551,44.030,17.929,-39.209,48.307,17.814
120.000,0.000,0.000,366.337,0.100,0.100,26.335,3.623,24.938,17.759,11.247,22.964,16.028,30.407,24.947,8.884,45.413,23.537,0.398,59.434,21.747,-10.839,68.370,22.842,-23.471,76.218,21.324,-35.504,77.594,22.715,-47.509,78.579,23.365,-55.549,77.823,23.733,-62.295,71.659,24.783,-65.773,64.134,24.365,-67.278,55.287,23.012,-65.819,47.790,22.465,-60.978,42.059,21.363,-54.070,39.772,20.469,-46.981,39.990,19.573,-41.331,42.966,19.046,-37.420,48.695,18.208,-36.557,53.937,17.912
130.000,0.000,0.000,479.497,0.100,0.100,26.334,3.625,24.936,17.740,11.102,22.937,15.906,29.876,24.745,8.631,44.347,23.165,-0.065,57.742,21.196,-11.316,65.884,22.123,-23.840,72.925,20.458,-35.452,73.611,22.058,-47.101,73.986,22.723,-54.765,72.922,23.177,-61.075,66.734,24.481,-63.885,59.749,24.300,-64.585,51.348,22.861,-62.402,44.299,22.220,-57.090,39.411,21.137,-50.082,38.147,20.419,-43.330,39.274,19.813,-38.461,42.987,19.575,-35.813,49.154,18.855,-36.135,54.358,18.534
140.000,0.000,0.000,570.867,0.100,0.100,26.334,3.625,24.936,17.725,11.010,22.937,15.805,29.335,24.721,8.299,43.118,22.996,-0.704,55.670,20.806,-12.078,62.827,21.592,-24.694,68.756,19.751,-36.044,68.342,21.373,-47.170,67.618,22.222,-54.368,65.982,22.894,-60.140,59.698,24.369,-62.274,53.010,24.401,-62.144,45.108,23.050,-59.319,38.537,22.288,-53.790,34.302,21.043,-46.975,33.843,20.247,-40.636,35.648,19.756,-36.489,39.781,19.798,-34.992,46.025,19.265,-36.338,50.924,18.932
