L1,L2,L3,F1,F2,F3,x1,y1,z1,x2,y2,z2,x3,y3,z3,x4,y4,z4,x5,y5,z5,x6,y6,z6,x7,y7,z7,x8,y8,z8,x9,y9,z9,x10,y10,z10,x11,y11,z11,x12,y12,z12,x13,y13,z13,x14,y14,z14,x15,y15,z15,x16,y16,z16,x17,y17,z17,x18,y18,z18,x19,y19,z19,x20,y20,z20,x21,y21,z21,x22,y22,z22,x23,y23,z23,x24,y24,z24,x25,y25,z25
0.100,0.100,0.100,9.648,4.527,3.146,17.766,9.251,22.502,16.815,29.285,22.411,19.590,47.742,21.504,17.183,64.264,20.594,18.351,81.063,20.037,15.937,96.694,19.808,18.849,111.268,19.918,19.959,124.716,19.540,18.609,138.309,19.358,20.195,150.232,20.560,19.612,162.529,20.392,20.381,173.530,19.920,20.092,184.281,19.829,20.294,194.255,19.843,20.538,204.019,20.215,20.176,211.923,20.033,20.274,220.692,20.309,20.181,229.759,20.273,20.067,236.881,20.380,20.110,243.658,20.322,19.796,251.306,20.229,19.746,258.144,20.182,19.841,264.160,20.213,19.673,269.297,20.282,19.678,270.569,20.381
0.100,0.100,0.100,9.648,4.527,3.146,17.766,9.251,22.502,16.815,29.285,22.411,19.590,47.742,21.504,17.183,64.264,20.594,18.351,81.063,20.037,15.937,96.694,19.808,18.849,111.268,19.918,19.959,124.716,19.540,18.609,138.309,19.358,20.195,150.232,20.560,19.612,162.529,20.392,20.381,173.530,19.920,20.092,184.281,19.829,20.294,194.255,19.843,20.538,204.019,20.215,20.176,211.923,20.033,20.274,220.692,20.309,20.181,229.759,20.273,20.067,236.881,20.380,20.110,243.658,20.322,19.796,251.306,20.229,19.746,258.144,20.182,19.841,264.160,20.213,19.673,269.297,20.282,19.678,270.569,20.381
0.200,0.200,0.200,9.648,4.527,3.146,17.766,9.251,22.502,16.815,29.285,22.411,19.590,47.742,21.504,17.183,64.264,20.594,18.351,81.063,20.037,15.937,96.694,19.808,18.849,111.268,19.918,19.959,124.716,19.540,18.609,138.309,19.358,20.195,150.232,20.560,19.612,162.529,20.392,20.381,173.530,19.920,20.092,184.281,19.829,20.294,194.255,19.843,20.538,204.019,20.215,20.176,211.923,20.033,20.274,220.692,20.309,20.181,229.759,20.273,20.067,236.881,20.380,20.110,243.658,20.322,19.796,251.306,20.229,19.746,258.144,20.182,19.841,264.160,20.213,19.673,269.297,20.282,19.678,270.569,20.381
0.300,0.300,0.300,9.648,4.527,3.146,17.766,9.251,22.502,16.815,29.285,22.411,19.590,47.742,21.504,17.183,64.264,20.594,18.351,81.063,20.037,15.937,96.694,19.808,18.849,111.268,19.918,19.959,124.716,19.540,18.609,138.309,19.358,20.195,150.232,20.560,19.612,162.529,20.392,20.381,173.530,19.920,20.092,184.281,19.829,20.294,194.255,19.843,20.538,204.019,20.215,20.176,211.923,20.033,20.274,220.692,20.309,20.181,229.759,20.273,20.067,236.881,20.380,20.110,243.658,20.322,19.796,251.306,20.229,19.746,258.144,20.182,19.841,264.160,20.213,19.673,269.297,20.282,19.678,270.569,20.381
0.400,0.400,0.400,244.951,215.141,296.109,17.766,9.251,22.502,16.814,29.279,22.411,19.588,47.727,21.507,17.178,64.241,20.599,18.342,81.031,20.047,15.925,96.650,19.825,18.833,111.216,19.943,19.939,124.656,19.575,18.586,138.239,19.403,20.168,150.152,20.614,19.578,162.440,20.456,20.341,173.432,19.995,20.043,184.174,19.916,20.236,194.141,19.942,20.470,203.896,20.327,20.098,211.792,20.156,20.185,220.552,20.446,20.080,229.613,20.424,19.955,236.729,20.542,19.988,243.501,20.497,19.660,251.143,20.418,19.597,257.975,20.384,19.679,263.985,20.427,19.500,269.117,20.506,19.503,270.388,20.608
0.500,0.500,0.500,244.951,215.141,296.109,17.766,9.251,22.502,16.814,29.279,22.411,19.588,47.727,21.507,17.178,64.241,20.599,18.342,81.031,20.047,15.925,96.650,19.825,18.833,111.216,19.943,19.939,124.656,19.575,18.586,138.239,19.403,20.168,150.152,20.614,19.578,162.440,20.456,20.341,173.432,19.995,20.043,184.174,19.916,20.236,194.141,19.942,20.470,203.896,20.327,20.098,211.792,20.156,20.185,220.552,20.446,20.080,229.613,20.424,19.955,236.729,20.542,19.988,243.501,20.497,19.660,251.143,20.418,19.597,257.975,20.384,19.679,263.985,20.427,19.500,269.117,20.506,19.503,270.388,20.608
0.600,0.600,0.600,248.695,221.178,301.433,17.766,9.251,22.502,16.814,29.272,22.412,19.585,47.712,21.510,17.173,64.217,20.605,18.334,80.999,20.057,15.913,96.606,19.842,18.816,111.164,19.970,19.919,124.597,19.611,18.561,138.169,19.450,20.139,150.071,20.671,19.544,162.350,20.522,20.299,173.334,20.073,19.993,184.068,20.005,20.176,194.027,20.044,20.399,203.772,20.442,20.017,211.660,20.283,20.094,220.412,20.587,19.977,229.466,20.579,19.842,236.577,20.709,19.865,243.343,20.675,19.523,250.978,20.610,19.446,257.805,20.590,19.516,263.809,20.645,19.326,268.936,20.734,19.326,270.206,20.838
0.700,0.700,0.700,248.695,221.178,301.433,17.766,9.251,22.502,16.814,29.272,22.412,19.585,47.712,21.510,17.173,64.217,20.605,18.334,80.999,20.057,15.913,96.606,19.842,18.816,111.164,19.970,19.919,124.597,19.611,18.561,138.169,19.450,20.139,150.071,20.671,19.544,162.350,20.522,20.299,173.334,20.073,19.993,184.068,20.005,20.176,194.027,20.044,20.399,203.772,20.442,20.017,211.660,20.283,20.094,220.412,20.587,19.977,229.466,20.579,19.842,236.577,20.709,19.865,243.343,20.675,19.523,250.978,20.610,19.446,257.805,20.590,19.516,263.809,20.645,19.326,268.936,20.734,19.326,270.206,20.838
0.800,0.800,0.800,371.237,330.646,453.799,17.766,9.251,22.502,16.813,29.263,22.412,19.582,47.689,21.514,17.165,64.181,20.614,18.321,80.950,20.072,15.895,96.540,19.867,18.792,111.085,20.009,19.889,124.508,19.665,18.526,138.065,19.519,20.098,149.950,20.754,19.494,162.216,20.620,20.239,173.187,20.187,19.920,183.907,20.137,20.090,193.856,20.194,20.297,203.586,20.611,19.902,211.461,20.469,19.961,220.202,20.793,19.827,229.245,20.807,19.678,236.348,20.954,19.684,243.106,20.937,19.322,250.731,20.893,19.225,257.549,20.892,19.276,263.545,20.965,19.070,268.665,21.069,19.065,269.932,21.177
0.900,0.900,0.900,371.237,330.646,453.799,17.766,9.251,22.502,16.813,29.263,22.412,19.582,47.689,21.514,17.165,64.181,20.614,18.321,80.950,20.072,15.895,96.540,19.867,18.792,111.085,20.009,19.889,124.508,19.665,18.526,138.065,19.519,20.098,149.950,20.754,19.494,162.216,20.620,20.239,173.187,20.187,19.920,183.907,20.137,20.090,193.856,20.194,20.297,203.586,20.611,19.902,211.461,20.469,19.961,220.202,20.793,19.827,229.245,20.807,19.678,236.348,20.954,19.684,243.106,20.937,19.322,250.731,20.893,19.225,257.549,20.892,19.276,263.545,20.965,19.070,268.665,21.069,19.065,269.932,21.177
1.000,1.000,1.000,260.385,232.563,316.168,17.766,9.250,22.502,16.812,29.257,22.413,19.579,47.673,21.516,17.159,64.157,20.620,18.313,80.918,20.083,15.882,96.495,19.885,18.775,111.033,20.036,19.868,124.448,19.702,18.501,137.994,19.566,20.069,149.869,20.811,19.459,162.126,20.688,20.197,173.089,20.266,19.869,183.800,20.228,20.030,193.741,20.296,20.227,203.462,20.727,19.822,211.328,20.597,19.870,220.061,20.935,19.724,229.098,20.963,19.565,236.194,21.122,19.561,242.948,21.116,19.186,250.566,21.086,19.075,257.377,21.098,19.114,263.368,21.182,18.897,268.482,21.296,18.890,269.748,21.407
1.100,1.100,1.100,260.385,232.563,316.168,17.766,9.250,22.502,16.812,29.257,22.413,19.579,47.673,21.516,17.159,64.157,20.620,18.313,80.918,20.083,15.882,96.495,19.885,18.775,111.033,20.036,19.868,124.448,19.702,18.501,137.994,19.566,20.069,149.869,20.811,19.459,162.126,20.688,20.197,173.089,20.266,19.869,183.800,20.228,20.030,193.741,20.296,20.227,203.462,20.727,19.822,211.328,20.597,19.870,220.061,20.935,19.724,229.098,20.963,19.565,236.194,21.122,19.561,242.948,21.116,19.186,250.566,21.086,19.075,257.377,21.098,19.114,263.368,21.182,18.897,268.482,21.296,18.890,269.748,21.407
1.200,1.200,1.200,260.385,232.563,316.168,17.766,9.250,22.502,16.812,29.257,22.413,19.579,47.673,21.516,17.159,64.157,20.620,18.313,80.918,20.083,15.882,96.495,19.885,18.775,111.033,20.036,19.868,124.448,19.702,18.501,137.994,19.566,20.069,149.869,20.811,19.459,162.126,20.688,20.197,173.089,20.266,19.869,183.800,20.228,20.030,193.741,20.296,20.227,203.462,20.727,19.822,211.328,20.597,19.870,220.061,20.935,19.724,229.098,20.963,19.565,236.194,21.122,19.561,242.948,21.116,19.186,250.566,21.086,19.075,257.377,21.098,19.114,263.368,21.182,18.897,268.482,21.296,18.890,269.748,21.407
1.300,1.300,1.300,265.517,235.272,322.136,17.766,9.250,22.502,16.812,29.250,22.413,19.577,47.658,21.519,17.154,64.134,20.626,18.304,80.885,20.093,15.869,96.451,19.902,18.758,110.981,20.062,19.847,124.388,19.738,18.477,137.924,19.613,20.041,149.788,20.867,19.425,162.036,20.754,20.156,172.991,20.342,19.820,183.693,20.317,19.971,193.627,20.397,20.158,203.338,20.841,19.743,211.195,20.722,19.781,219.920,21.073,19.623,228.950,21.116,19.454,236.041,21.286,19.440,242.789,21.291,19.051,250.400,21.275,18.928,257.205,21.300,18.954,263.190,21.395,18.727,268.299,21.519,18.717,269.564,21.632
1.400,1.400,1.400,265.517,235.272,322.136,17.766,9.250,22.502,16.812,29.250,22.413,19.577,47.658,21.519,17.154,64.134,20.626,18.304,80.885,20.093,15.869,96.451,19.902,18.758,110.981,20.062,19.847,124.388,19.738,18.477,137.924,19.613,20.041,149.788,20.867,19.425,162.036,20.754,20.156,172.991,20.342,19.820,183.693,20.317,19.971,193.627,20.397,20.158,203.338,20.841,19.743,211.195,20.722,19.781,219.920,21.073,19.623,228.950,21.116,19.454,236.041,21.286,19.440,242.789,21.291,19.051,250.400,21.275,18.928,257.205,21.300,18.954,263.190,21.395,18.727,268.299,21.519,18.717,269.564,21.632
1.500,1.500,1.500,270.379,239.233,328.068,17.766,9.250,22.502,16.811,29.244,22.414,19.575,47.643,21.522,17.149,64.110,20.631,18.296,80.853,20.103,15.857,96.407,19.919,18.742,110.929,20.089,19.826,124.328,19.774,18.453,137.854,19.659,20.014,149.708,20.922,19.391,161.946,20.819,20.116,172.892,20.419,19.770,183.586,20.405,19.913,193.512,20.497,20.089,203.213,20.954,19.665,211.062,20.847,19.692,219.779,21.211,19.523,228.802,21.267,19.344,235.887,21.449,19.319,242.630,21.466,18.918,250.234,21.462,18.782,257.032,21.500,18.796,263.012,21.607,18.557,268.116,21.741,18.545,269.379,21.856
1.600,1.600,1.600,270.379,239.233,328.068,17.766,9.250,22.502,16.811,29.244,22.414,19.575,47.643,21.522,17.149,64.110,20.631,18.296,80.853,20.103,15.857,96.407,19.919,18.742,110.929,20.089,19.826,124.328,19.774,18.453,137.854,19.659,20.014,149.708,20.922,19.391,161.946,20.819,20.116,172.892,20.419,19.770,183.586,20.405,19.913,193.512,20.497,20.089,203.213,20.954,19.665,211.062,20.847,19.692,219.779,21.211,19.523,228.802,21.267,19.344,235.887,21.449,19.319,242.630,21.466,18.918,250.234,21.462,18.782,257.032,21.500,18.796,263.012,21.607,18.557,268.116,21.741,18.545,269.379,21.856
1.700,1.700,1.700,275.246,243.221,333.981,17.766,9.250,22.502,16.811,29.238,22.414,19.572,47.627,21.525,17.143,64.086,20.637,18.287,80.820,20.114,15.845,96.363,19.936,18.726,110.877,20.115,19.806,124.269,19.810,18.429,137.784,19.705,19.986,149.627,20.978,19.357,161.856,20.885,20.075,172.794,20.495,19.721,183.479,20.493,19.855,193.397,20.597,20.021,203.089,21.067,19.588,210.929,20.971,19.604,219.638,21.348,19.423,228.654,21.419,19.235,235.733,21.611,19.200,242.470,21.639,18.786,250.067,21.649,18.636,256.860,21.699,18.638,262.834,21.818,18.389,267.932,21.961,18.374,269.194,22.079
1.800,1.800,1.800,275.246,243.221,333.981,17.766,9.250,22.502,16.811,29.238,22.414,19.572,47.627,21.525,17.143,64.086,20.637,18.287,80.820,20.114,15.845,96.363,19.936,18.726,110.877,20.115,19.806,124.269,19.810,18.429,137.784,19.705,19.986,149.627,20.978,19.357,161.856,20.885,20.075,172.794,20.495,19.721,183.479,20.493,19.855,193.397,20.597,20.021,203.089,21.067,19.588,210.929,20.971,19.604,219.638,21.348,19.423,228.654,21.419,19.235,235.733,21.611,19.200,242.470,21.639,18.786,250.067,21.649,18.636,256.860,21.699,18.638,262.834,21.818,18.389,267.932,21.961,18.374,269.194,22.079
1.900,1.900,1.900,398.434,352.483,486.615,17.766,9.249,22.502,16.810,29.229,22.415,19.569,47.604,21.529,17.135,64.050,20.646,18.275,80.772,20.129,15.827,96.296,19.961,18.702,110.798,20.153,19.777,124.179,19.862,18.395,137.679,19.772,19.946,149.505,21.059,19.309,161.721,20.981,20.017,172.646,20.607,19.651,183.317,20.622,19.772,193.225,20.744,19.922,202.902,21.232,19.476,210.728,21.152,19.476,219.425,21.549,19.279,228.431,21.640,19.076,235.501,21.849,19.026,242.230,21.893,18.592,249.817,21.923,18.423,256.600,21.992,18.407,262.565,22.127,18.142,267.656,22.285,18.122,268.916,22.406
2.000,2.000,2.000,398.434,352.483,486.615,17.766,9.249,22.502,16.810,29.229,22.415,19.569,47.604,21.529,17.135,64.050,20.646,18.275,80.772,20.129,15.827,96.296,19.961,18.702,110.798,20.153,19.777,124.179,19.862,18.395,137.679,19.772,19.946,149.505,21.059,19.309,161.721,20.981,20.017,172.646,20.607,19.651,183.317,20.622,19.772,193.225,20.744,19.922,202.902,21.232,19.476,210.728,21.152,19.476,219.425,21.549,19.279,228.431,21.640,19.076,235.501,21.849,19.026,242.230,21.893,18.592,249.817,21.923,18.423,256.600,21.992,18.407,262.565,22.127,18.142,267.656,22.285,18.122,268.916,22.406
2.100,2.100,2.100,287.214,254.430,348.681,17.766,9.249,22.502,16.810,29.222,22.416,19.566,47.589,21.531,17.130,64.027,20.651,18.266,80.739,20.139,15.815,96.252,19.978,18.685,110.746,20.180,19.756,124.119,19.898,18.370,137.608,19.819,19.918,149.424,21.115,19.275,161.630,21.047,19.976,172.547,20.684,19.602,183.209,20.710,19.714,193.109,20.844,19.854,202.776,21.346,19.399,210.594,21.277,19.388,219.283,21.687,19.180,228.281,21.791,18.968,235.346,22.011,18.907,242.070,22.066,18.460,249.649,22.109,18.279,256.426,22.190,18.250,262.385,22.336,17.975,267.471,22.503,17.953,268.729,22.627
2.200,2.200,2.200,287.214,254.430,348.681,17.766,9.249,22.502,16.810,29.222,22.416,19.566,47.589,21.531,17.130,64.027,20.651,18.266,80.739,20.139,15.815,96.252,19.978,18.685,110.746,20.180,19.756,124.119,19.898,18.370,137.608,19.819,19.918,149.424,21.115,19.275,161.630,21.047,19.976,172.547,20.684,19.602,183.209,20.710,19.714,193.109,20.844,19.854,202.776,21.346,19.399,210.594,21.277,19.388,219.283,21.687,19.180,228.281,21.791,18.968,235.346,22.011,18.907,242.070,22.066,18.460,249.649,22.109,18.279,256.426,22.190,18.250,262.385,22.336,17.975,267.471,22.503,17.953,268.729,22.627
2.300,2.300,2.300,287.214,254.430,348.681,17.766,9.249,22.502,16.810,29.222,22.416,19.566,47.589,21.531,17.130,64.027,20.651,18.266,80.739,20.139,15.815,96.252,19.978,18.685,110.746,20.180,19.756,124.119,19.898,18.370,137.608,19.819,19.918,149.424,21.115,19.275,161.630,21.047,19.976,172.547,20.684,19.602,183.209,20.710,19.714,193.109,20.844,19.854,202.776,21.346,19.399,210.594,21.277,19.388,219.283,21.687,19.180,228.281,21.791,18.968,235.346,22.011,18.907,242.070,22.066,18.460,249.649,22.109,18.279,256.426,22.190,18.250,262.385,22.336,17.975,267.471,22.503,17.953,268.729,22.627
2.400,2.400,2.400,292.456,257.139,354.643,17.766,9.249,22.502,16.809,29.216,22.416,19.564,47.573,21.534,17.125,64.003,20.657,18.258,80.706,20.149,15.802,96.207,19.995,18.669,110.693,20.206,19.736,124.059,19.934,18.347,137.538,19.865,19.891,149.343,21.170,19.242,161.540,21.112,19.937,172.448,20.759,19.554,183.102,20.797,19.657,192.994,20.942,19.788,202.651,21.457,19.323,210.460,21.399,19.302,219.141,21.822,19.082,228.132,21.939,18.861,235.191,22.170,18.791,241.909,22.236,18.331,249.482,22.292,18.137,256.251,22.385,18.096,262.205,22.542,17.811,267.285,22.718,17.786,268.542,22.844
2.500,2.500,2.500,292.456,257.139,354.643,17.766,9.249,22.502,16.809,29.216,22.416,19.564,47.573,21.534,17.125,64.003,20.657,18.258,80.706,20.149,15.802,96.207,19.995,18.669,110.693,20.206,19.736,124.059,19.934,18.347,137.538,19.865,19.891,149.343,21.170,19.242,161.540,21.112,19.937,172.448,20.759,19.554,183.102,20.797,19.657,192.994,20.942,19.788,202.651,21.457,19.323,210.460,21.399,19.302,219.141,21.822,19.082,228.132,21.939,18.861,235.191,22.170,18.791,241.909,22.236,18.331,249.482,22.292,18.137,256.251,22.385,18.096,262.205,22.542,17.811,267.285,22.718,17.786,268.542,22.844
2.600,2.600,2.600,297.425,261.058,360.563,17.766,9.249,22.503,16.809,29.210,22.416,19.562,47.558,21.537,17.119,63.979,20.663,18.249,80.674,20.160,15.790,96.163,20.012,18.653,110.641,20.231,19.716,123.999,19.969,18.323,137.468,19.910,19.864,149.262,21.224,19.209,161.449,21.176,19.897,172.349,20.834,19.506,182.994,20.883,19.601,192.878,21.040,19.721,202.526,21.567,19.248,210.326,21.520,19.217,218.998,21.955,18.986,227.982,22.087,18.756,235.035,22.328,18.675,241.748,22.405,18.203,249.313,22.473,17.996,256.077,22.578,17.944,262.025,22.746,17.648,267.099,22.932,17.620,268.355,23.060
2.700,2.700,2.700,297.425,261.058,360.563,17.766,9.249,22.503,16.809,29.210,22.416,19.562,47.558,21.537,17.119,63.979,20.663,18.249,80.674,20.160,15.790,96.163,20.012,18.653,110.641,20.231,19.716,123.999,19.969,18.323,137.468,19.910,19.864,149.262,21.224,19.209,161.449,21.176,19.897,172.349,20.834,19.506,182.994,20.883,19.601,192.878,21.040,19.721,202.526,21.567,19.248,210.326,21.520,19.217,218.998,21.955,18.986,227.982,22.087,18.756,235.035,22.328,18.675,241.748,22.405,18.203,249.313,22.473,17.996,256.077,22.578,17.944,262.025,22.746,17.648,267.099,22.932,17.620,268.355,23.060
2.800,2.800,2.800,421.154,370.183,513.409,17.766,9.249,22.503,16.808,29.200,22.417,19.558,47.535,21.541,17.112,63.943,20.671,18.237,80.625,20.174,15.773,96.097,20.036,18.629,110.562,20.269,19.687,123.909,20.021,18.289,137.362,19.977,19.825,149.139,21.304,19.162,161.314,21.270,19.840,172.200,20.944,19.438,182.832,21.010,19.520,192.705,21.183,19.625,202.337,21.729,19.139,210.124,21.698,19.093,218.784,22.152,18.845,227.758,22.303,18.601,234.802,22.560,18.506,241.506,22.652,18.015,249.061,22.739,17.788,255.814,22.862,17.719,261.753,23.046,17.407,266.819,23.246,17.376,268.073,23.377
2.900,2.900,2.900,421.154,370.183,513.409,17.766,9.249,22.503,16.808,29.200,22.417,19.558,47.535,21.541,17.112,63.943,20.671,18.237,80.625,20.174,15.773,96.097,20.036,18.629,110.562,20.269,19.687,123.909,20.021,18.289,137.362,19.977,19.825,149.139,21.304,19.162,161.314,21.270,19.840,172.200,20.944,19.438,182.832,21.010,19.520,192.705,21.183,19.625,202.337,21.729,19.139,210.124,21.698,19.093,218.784,22.152,18.845,227.758,22.303,18.601,234.802,22.560,18.506,241.506,22.652,18.015,249.061,22.739,17.788,255.814,22.862,17.719,261.753,23.046,17.407,266.819,23.246,17.376,268.073,23.377
3.000,3.000,3.000,309.589,272.137,375.255,17.766,9.248,22.503,16.807,29.194,22.418,19.556,47.519,21.543,17.106,63.919,20.677,18.228,80.592,20.185,15.760,96.052,20.053,18.613,110.510,20.295,19.666,123.849,20.057,18.265,137.291,20.022,19.797,149.058,21.359,19.129,161.223,21.335,19.801,172.101,21.020,19.390,182.723,21.096,19.463,192.589,21.282,19.559,202.211,21.839,19.064,209.989,21.819,19.007,218.641,22.286,18.749,227.607,22.450,18.496,234.645,22.718,18.391,241.344,22.820,17.887,248.891,22.920,17.649,255.638,23.054,17.567,261.571,23.249,17.246,266.632,23.457,17.212,267.884,23.591
3.100,3.100,3.100,309.589,272.137,375.255,17.766,9.248,22.503,16.807,29.194,22.418,19.556,47.519,21.543,17.106,63.919,20.677,18.228,80.592,20.185,15.760,96.052,20.053,18.613,110.510,20.295,19.666,123.849,20.057,18.265,137.291,20.022,19.797,149.058,21.359,19.129,161.223,21.335,19.801,172.101,21.020,19.390,182.723,21.096,19.463,192.589,21.282,19.559,202.211,21.839,19.064,209.989,21.819,19.007,218.641,22.286,18.749,227.607,22.450,18.496,234.645,22.718,18.391,241.344,22.820,17.887,248.891,22.920,17.649,255.638,23.054,17.567,261.571,23.249,17.246,266.632,23.457,17.212,267.884,23.591
3.200,3.200,3.200,309.589,272.137,375.255,17.766,9.248,22.503,16.807,29.194,22.418,19.556,47.519,21.543,17.106,63.919,20.677,18.228,80.592,20.185,15.760,96.052,20.053,18.613,110.510,20.295,19.666,123.849,20.057,18.265,137.291,20.022,19.797,149.058,21.359,19.129,161.223,21.335,19.801,172.101,21.020,19.390,182.723,21.096,19.463,192.589,21.282,19.559,202.211,21.839,19.064,209.989,21.819,19.007,218.641,22.286,18.749,227.607,22.450,18.496,234.645,22.718,18.391,241.344,22.820,17.887,248.891,22.920,17.649,255.638,23.054,17.567,261.571,23.249,17.246,266.632,23.457,17.212,267.884,23.591
3.300,3.300,3.300,314.903,274.854,381.216,17.766,9.248,22.503,16.807,29.188,22.418,19.553,47.504,21.546,17.101,63.895,20.683,18.220,80.560,20.195,15.748,96.008,20.070,18.597,110.457,20.321,19.646,123.789,20.091,18.242,137.220,20.067,19.771,148.976,21.413,19.097,161.132,21.398,19.762,172.001,21.093,19.343,182.615,21.181,19.408,192.473,21.378,19.494,202.085,21.948,18.991,209.854,21.938,18.924,218.497,22.417,18.655,227.457,22.594,18.393,234.489,22.873,18.278,241.182,22.985,17.762,248.722,23.097,17.511,255.462,23.243,17.418,261.389,23.448,17.086,266.444,23.665,17.050,267.695,23.801
3.400,3.400,3.400,314.903,274.854,381.216,17.766,9.248,22.503,16.807,29.188,22.418,19.553,47.504,21.546,17.101,63.895,20.683,18.220,80.560,20.195,15.748,96.008,20.070,18.597,110.457,20.321,19.646,123.789,20.091,18.242,137.220,20.067,19.771,148.976,21.413,19.097,161.132,21.398,19.762,172.001,21.093,19.343,182.615,21.181,19.408,192.473,21.378,19.494,202.085,21.948,18.991,209.854,21.938,18.924,218.497,22.417,18.655,227.457,22.594,18.393,234.489,22.873,18.278,241.182,22.985,17.762,248.722,23.097,17.511,255.462,23.243,17.418,261.389,23.448,17.086,266.444,23.665,17.050,267.695,23.801
3.500,3.500,3.500,319.942,278.744,387.129,17.766,9.248,22.503,16.806,29.181,22.419,19.551,47.488,21.549,17.095,63.871,20.688,18.212,80.527,20.205,15.736,95.963,20.086,18.581,110.404,20.346,19.626,123.728,20.126,18.219,137.150,20.112,19.744,148.895,21.467,19.064,161.041,21.461,19.723,171.902,21.167,19.296,182.506,21.266,19.353,192.356,21.474,19.430,201.959,22.056,18.918,209.718,22.056,18.840,218.354,22.548,18.561,227.306,22.738,18.290,234.332,23.027,18.166,241.019,23.149,17.637,248.552,23.273,17.374,255.285,23.431,17.270,261.207,23.645,16.928,266.256,23.872,16.889,267.506,24.010
3.600,3.600,3.600,319.942,278.744,387.129,17.766,9.248,22.503,16.806,29.181,22.419,19.551,47.488,21.549,17.095,63.871,20.688,18.212,80.527,20.205,15.736,95.963,20.086,18.581,110.404,20.346,19.626,123.728,20.126,18.219,137.150,20.112,19.744,148.895,21.467,19.064,161.041,21.461,19.723,171.902,21.167,19.296,182.506,21.266,19.353,192.356,21.474,19.430,201.959,22.056,18.918,209.718,22.056,18.840,218.354,22.548,18.561,227.306,22.738,18.290,234.332,23.027,18.166,241.019,23.149,17.637,248.552,23.273,17.374,255.285,23.431,17.270,261.207,23.645,16.928,266.256,23.872,16.889,267.506,24.010
3.700,3.700,3.700,444.266,387.669,540.214,17.766,9.248,22.503,16.805,29.172,22.419,19.547,47.465,21.553,17.088,63.836,20.697,18.199,80.478,20.219,15.718,95.897,20.111,18.557,110.326,20.384,19.598,123.638,20.177,18.186,137.044,20.177,19.706,148.772,21.545,19.018,160.905,21.554,19.668,171.753,21.274,19.229,182.343,21.389,19.274,192.182,21.614,19.336,201.769,22.214,18.812,209.515,22.230,18.720,218.138,22.739,18.424,227.079,22.948,18.140,234.096,23.252,18.001,240.775,23.390,17.455,248.297,23.532,17.173,255.020,23.706,17.051,260.932,23.936,16.695,265.973,24.176,16.652,267.221,24.317
3.800,3.800,3.800,444.266,387.669,540.214,17.766,9.248,22.503,16.805,29.172,22.419,19.547,47.465,21.553,17.088,63.836,20.697,18.199,80.478,20.219,15.718,95.897,20.111,18.557,110.326,20.384,19.598,123.638,20.177,18.186,137.044,20.177,19.706,148.772,21.545,19.018,160.905,21.554,19.668,171.753,21.274,19.229,182.343,21.389,19.274,192.182,21.614,19.336,201.769,22.214,18.812,209.515,22.230,18.720,218.138,22.739,18.424,227.079,22.948,18.140,234.096,23.252,18.001,240.775,23.390,17.455,248.297,23.532,17.173,255.020,23.706,17.051,260.932,23.936,16.695,265.973,24.176,16.652,267.221,24.317
3.900,3.900,3.900,444.266,387.669,540.214,17.766,9.248,22.503,16.805,29.172,22.419,19.547,47.465,21.553,17.088,63.836,20.697,18.199,80.478,20.219,15.718,95.897,20.111,18.557,110.326,20.384,19.598,123.638,20.177,18.186,137.044,20.177,19.706,148.772,21.545,19.018,160.905,21.554,19.668,171.753,21.274,19.229,182.343,21.389,19.274,192.182,21.614,19.336,201.769,22.214,18.812,209.515,22.230,18.720,218.138,22.739,18.424,227.079,22.948,18.140,234.096,23.252,18.001,240.775,23.390,17.455,248.297,23.532,17.173,255.020,23.706,17.051,260.932,23.936,16.695,265.973,24.176,16.652,267.221,24.317
4.000,4.000,4.000,332.286,289.678,401.829,17.766,9.247,22.503,16.805,29.166,22.420,19.545,47.450,21.555,17.082,63.812,20.702,18.191,80.446,20.230,15.706,95.852,20.127,18.541,110.273,20.409,19.577,123.578,20.212,18.162,136.973,20.222,19.679,148.691,21.599,18.986,160.814,21.617,19.629,171.653,21.348,19.183,182.234,21.474,19.219,192.065,21.710,19.272,201.642,22.322,18.739,209.379,22.348,18.637,217.994,22.870,18.331,226.927,23.092,18.038,233.938,23.406,17.890,240.612,23.553,17.332,248.126,23.707,17.037,254.843,23.892,16.905,260.749,24.133,16.538,265.784,24.381,16.493,267.030,24.524
4.100,4.100,4.100,332.286,289.678,401.829,17.766,9.247,22.503,16.805,29.166,22.420,19.545,47.450,21.555,17.082,63.812,20.702,18.191,80.446,20.230,15.706,95.852,20.127,18.541,110.273,20.409,19.577,123.578,20.212,18.162,136.973,20.222,19.679,148.691,21.599,18.986,160.814,21.617,19.629,171.653,21.348,19.183,182.234,21.474,19.219,192.065,21.710,19.272,201.642,22.322,18.739,209.379,22.348,18.637,217.994,22.870,18.331,226.927,23.092,18.038,233.938,23.406,17.890,240.612,23.553,17.332,248.126,23.707,17.037,254.843,23.892,16.905,260.749,24.133,16.538,265.784,24.381,16.493,267.030,24.524
4.200,4.200,4.200,337.668,292.391,407.798,17.766,9.247,22.503,16.804,29.159,22.420,19.543,47.434,21.558,17.077,63.788,20.708,18.182,80.413,20.240,15.694,95.807,20.144,18.525,110.220,20.434,19.557,123.517,20.246,18.139,136.902,20.266,19.652,148.609,21.652,18.954,160.723,21.679,19.591,171.553,21.420,19.137,182.125,21.557,19.165,191.948,21.804,19.209,201.515,22.428,18.667,209.243,22.464,18.555,217.850,22.998,18.239,226.776,23.232,17.938,233.781,23.556,17.780,240.448,23.714,17.210,247.955,23.879,16.904,254.665,24.075,16.760,260.565,24.325,16.383,265.594,24.582,16.336,266.839,24.728
4.300,4.300,4.300,337.668,292.391,407.798,17.766,9.247,22.503,16.804,29.159,22.420,19.543,47.434,21.558,17.077,63.788,20.708,18.182,80.413,20.240,15.694,95.807,20.144,18.525,110.220,20.434,19.557,123.517,20.246,18.139,136.902,20.266,19.652,148.609,21.652,18.954,160.723,21.679,19.591,171.553,21.420,19.137,182.125,21.557,19.165,191.948,21.804,19.209,201.515,22.428,18.667,209.243,22.464,18.555,217.850,22.998,18.239,226.776,23.232,17.938,233.781,23.556,17.780,240.448,23.714,17.210,247.955,23.879,16.904,254.665,24.075,16.760,260.565,24.325,16.383,265.594,24.582,16.336,266.839,24.728
4.400,4.400,4.400,534.044,553.408,373.466,17.766,9.247,22.503,16.803,29.150,22.420,19.537,47.411,21.558,17.064,63.750,20.705,18.161,80.362,20.232,15.663,95.737,20.133,18.483,110.138,20.423,19.504,123.423,20.234,18.075,136.791,20.252,19.578,148.483,21.637,18.866,160.582,21.664,19.488,171.399,21.407,19.017,181.957,21.550,19.028,191.768,21.804,19.054,201.320,22.439,18.497,209.034,22.488,18.368,217.628,23.040,18.034,226.542,23.296,17.719,233.537,23.641,17.547,240.195,23.822,16.958,247.691,24.024,16.636,254.398,24.266,16.477,260.292,24.559,16.088,265.312,24.854,16.037,266.554,25.009
4.500,4.500,4.500,534.044,553.408,373.466,17.766,9.247,22.503,16.803,29.150,22.420,19.537,47.411,21.558,17.064,63.750,20.705,18.161,80.362,20.232,15.663,95.737,20.133,18.483,110.138,20.423,19.504,123.423,20.234,18.075,136.791,20.252,19.578,148.483,21.637,18.866,160.582,21.664,19.488,171.399,21.407,19.017,181.957,21.550,19.028,191.768,21.804,19.054,201.320,22.439,18.497,209.034,22.488,18.368,217.628,23.040,18.034,226.542,23.296,17.719,233.537,23.641,17.547,240.195,23.822,16.958,247.691,24.024,16.636,254.398,24.266,16.477,260.292,24.559,16.088,265.312,24.854,16.037,266.554,25.009
4.600,4.600,4.600,350.723,302.606,425.402,17.766,9.247,22.503,16.803,29.143,22.421,19.535,47.395,21.560,17.059,63.726,20.711,18.153,80.329,20.243,15.650,95.692,20.150,18.466,110.085,20.448,19.484,123.363,20.268,18.051,136.720,20.297,19.551,148.401,21.690,18.833,160.491,21.726,19.450,171.299,21.480,18.971,181.848,21.633,18.974,191.651,21.898,18.990,201.193,22.545,18.425,208.897,22.604,18.287,217.482,23.167,17.943,226.389,23.435,17.620,233.378,23.790,17.438,240.030,23.980,16.838,247.519,24.193,16.504,254.218,24.445,16.334,260.106,24.747,15.936,265.120,25.049,15.883,266.360,25.206
4.700,4.700,4.700,350.723,302.606,425.402,17.766,9.247,22.503,16.803,29.143,22.421,19.535,47.395,21.560,17.059,63.726,20.711,18.153,80.329,20.243,15.650,95.692,20.150,18.466,110.085,20.448,19.484,123.363,20.268,18.051,136.720,20.297,19.551,148.401,21.690,18.833,160.491,21.726,19.450,171.299,21.480,18.971,181.848,21.633,18.974,191.651,21.898,18.990,201.193,22.545,18.425,208.897,22.604,18.287,217.482,23.167,17.943,226.389,23.435,17.620,233.378,23.790,17.438,240.030,23.980,16.838,247.519,24.193,16.504,254.218,24.445,16.334,260.106,24.747,15.936,265.120,25.049,15.883,266.360,25.206
4.800,4.800,4.800,350.723,302.606,425.402,17.766,9.247,22.503,16.803,29.143,22.421,19.535,47.395,21.560,17.059,63.726,20.711,18.153,80.329,20.243,15.650,95.692,20.150,18.466,110.085,20.448,19.484,123.363,20.268,18.051,136.720,20.297,19.551,148.401,21.690,18.833,160.491,21.726,19.450,171.299,21.480,18.971,181.848,21.633,18.974,191.651,21.898,18.990,201.193,22.545,18.425,208.897,22.604,18.287,217.482,23.167,17.943,226.389,23.435,17.620,233.378,23.790,17.438,240.030,23.980,16.838,247.519,24.193,16.504,254.218,24.445,16.334,260.106,24.747,15.936,265.120,25.049,15.883,266.360,25.206
4.900,4.900,4.900,356.239,305.063,429.005,17.766,9.246,22.503,16.802,29.137,22.421,19.532,47.380,21.563,17.054,63.702,20.716,18.145,80.296,20.253,15.638,95.647,20.167,18.450,110.032,20.474,19.464,123.302,20.304,18.029,136.649,20.342,19.526,148.319,21.744,18.803,160.399,21.790,19.413,171.199,21.554,18.927,181.739,21.718,18.922,191.534,21.994,18.929,201.065,22.652,18.357,208.761,22.721,18.208,217.337,23.295,17.855,226.237,23.576,17.523,233.219,23.939,17.333,239.866,24.139,16.721,247.347,24.363,16.375,254.039,24.624,16.195,259.921,24.935,15.787,264.929,25.245,15.731,266.168,25.404
5.000,5.000,5.000,356.239,305.063,429.005,17.766,9.246,22.503,16.802,29.137,22.421,19.532,47.380,21.563,17.054,63.702,20.716,18.145,80.296,20.253,15.638,95.647,20.167,18.450,110.032,20.474,19.464,123.302,20.304,18.029,136.649,20.342,19.526,148.319,21.744,18.803,160.399,21.790,19.413,171.199,21.554,18.927,181.739,21.718,18.922,191.534,21.994,18.929,201.065,22.652,18.357,208.761,22.721,18.208,217.337,23.295,17.855,226.237,23.576,17.523,233.219,23.939,17.333,239.866,24.139,16.721,247.347,24.363,16.375,254.039,24.624,16.195,259.921,24.935,15.787,264.929,25.245,15.731,266.168,25.404
5.100,5.100,5.100,617.367,287.612,643.303,17.766,9.246,22.503,16.799,29.126,22.423,19.518,47.353,21.573,17.022,63.660,20.742,18.089,80.241,20.301,15.550,95.567,20.247,18.325,109.943,20.594,19.300,123.204,20.466,17.821,136.529,20.554,19.274,148.183,22.004,18.497,160.245,22.104,19.052,171.034,21.924,18.503,181.556,22.148,18.435,191.337,22.484,18.393,200.868,23.196,17.822,208.616,23.283,17.705,217.203,23.827,17.390,226.095,24.064,17.085,233.072,24.397,16.916,239.712,24.570,16.324,247.185,24.767,15.989,253.869,25.009,15.817,259.743,25.303,15.416,264.745,25.600,15.362,265.982,25.756
5.200,5.200,5.200,617.367,287.612,643.303,17.766,9.246,22.503,16.799,29.126,22.423,19.518,47.353,21.573,17.022,63.660,20.742,18.089,80.241,20.301,15.550,95.567,20.247,18.325,109.943,20.594,19.300,123.204,20.466,17.821,136.529,20.554,19.274,148.183,22.004,18.497,160.245,22.104,19.052,171.034,21.924,18.503,181.556,22.148,18.435,191.337,22.484,18.393,200.868,23.196,17.822,208.616,23.283,17.705,217.203,23.827,17.390,226.095,24.064,17.085,233.072,24.397,16.916,239.712,24.570,16.324,247.185,24.767,15.989,253.869,25.009,15.817,259.743,25.303,15.416,264.745,25.600,15.362,265.982,25.756
5.300,5.300,5.300,486.513,423.644,592.604,17.766,9.246,22.503,16.798,29.116,22.423,19.515,47.330,21.577,17.014,63.624,20.751,18.076,80.191,20.317,15.532,95.500,20.272,18.302,109.864,20.632,19.271,123.113,20.519,17.788,136.422,20.621,19.236,148.059,22.084,18.452,160.108,22.198,18.999,170.882,22.032,18.440,181.391,22.272,18.360,191.160,22.623,18.306,200.675,23.353,17.722,208.408,23.454,17.590,216.982,24.017,17.259,225.862,24.273,16.941,232.830,24.621,16.758,239.461,24.808,16.148,246.923,25.023,15.796,253.597,25.280,15.607,259.461,25.589,15.191,264.454,25.898,15.133,265.690,26.056
5.400,5.400,5.400,486.513,423.644,592.604,17.766,9.246,22.503,16.798,29.116,22.423,19.515,47.330,21.577,17.014,63.624,20.751,18.076,80.191,20.317,15.532,95.500,20.272,18.302,109.864,20.632,19.271,123.113,20.519,17.788,136.422,20.621,19.236,148.059,22.084,18.452,160.108,22.198,18.999,170.882,22.032,18.440,181.391,22.272,18.360,191.160,22.623,18.306,200.675,23.353,17.722,208.408,23.454,17.590,216.982,24.017,17.259,225.862,24.273,16.941,232.830,24.621,16.758,239.461,24.808,16.148,246.923,25.023,15.796,253.597,25.280,15.607,259.461,25.589,15.191,264.454,25.898,15.133,265.690,26.056
5.500,5.500,5.500,486.513,423.644,592.604,17.766,9.246,22.503,16.798,29.116,22.423,19.515,47.330,21.577,17.014,63.624,20.751,18.076,80.191,20.317,15.532,95.500,20.272,18.302,109.864,20.632,19.271,123.113,20.519,17.788,136.422,20.621,19.236,148.059,22.084,18.452,160.108,22.198,18.999,170.882,22.032,18.440,181.391,22.272,18.360,191.160,22.623,18.306,200.675,23.353,17.722,208.408,23.454,17.590,216.982,24.017,17.259,225.862,24.273,16.941,232.830,24.621,16.758,239.461,24.808,16.148,246.923,25.023,15.796,253.597,25.280,15.607,259.461,25.589,15.191,264.454,25.898,15.133,265.690,26.056
5.600,5.600,5.600,374.131,319.524,449.818,17.766,9.246,22.503,16.798,29.110,22.424,19.513,47.315,21.580,17.009,63.600,20.756,18.068,80.159,20.326,15.522,95.456,20.288,18.288,109.811,20.656,19.254,123.052,20.551,17.769,136.352,20.662,19.215,147.978,22.134,18.427,160.017,22.256,18.968,170.783,22.099,18.403,181.282,22.348,18.317,191.044,22.710,18.255,200.548,23.450,17.663,208.270,23.561,17.521,216.835,24.135,17.179,225.709,24.404,16.853,232.670,24.762,16.660,239.296,24.959,16.038,246.750,25.185,15.674,253.416,25.452,15.474,259.274,25.770,15.049,264.262,26.086,14.989,265.496,26.247
5.700,5.700,5.700,374.131,319.524,449.818,17.766,9.246,22.503,16.798,29.110,22.424,19.513,47.315,21.580,17.009,63.600,20.756,18.068,80.159,20.326,15.522,95.456,20.288,18.288,109.811,20.656,19.254,123.052,20.551,17.769,136.352,20.662,19.215,147.978,22.134,18.427,160.017,22.256,18.968,170.783,22.099,18.403,181.282,22.348,18.317,191.044,22.710,18.255,200.548,23.450,17.663,208.270,23.561,17.521,216.835,24.135,17.179,225.709,24.404,16.853,232.670,24.762,16.660,239.296,24.959,16.038,246.750,25.185,15.674,253.416,25.452,15.474,259.274,25.770,15.049,264.262,26.086,14.989,265.496,26.247
5.800,5.800,5.800,379.688,322.047,455.829,17.766,9.245,22.503,16.797,29.104,22.424,19.511,47.299,21.583,17.004,63.577,20.761,18.061,80.127,20.336,15.511,95.412,20.303,18.274,109.759,20.680,19.238,122.992,20.583,17.751,136.281,20.703,19.195,147.897,22.182,18.402,159.926,22.313,18.939,170.683,22.165,18.368,181.174,22.423,18.275,190.927,22.794,18.205,200.421,23.544,17.605,208.133,23.665,17.453,216.689,24.251,17.101,225.555,24.532,16.766,232.511,24.900,16.564,239.130,25.107,15.930,246.577,25.344,15.555,253.236,25.621,15.344,259.088,25.948,14.909,264.069,26.271,14.846,265.302,26.434
5.900,5.900,5.900,379.688,322.047,455.829,17.766,9.245,22.503,16.797,29.104,22.424,19.511,47.299,21.583,17.004,63.577,20.761,18.061,80.127,20.336,15.511,95.412,20.303,18.274,109.759,20.680,19.238,122.992,20.583,17.751,136.281,20.703,19.195,147.897,22.182,18.402,159.926,22.313,18.939,170.683,22.165,18.368,181.174,22.423,18.275,190.927,22.794,18.205,200.421,23.544,17.605,208.133,23.665,17.453,216.689,24.251,17.101,225.555,24.532,16.766,232.511,24.900,16.564,239.130,25.107,15.930,246.577,25.344,15.555,253.236,25.621,15.344,259.088,25.948,14.909,264.069,26.271,14.846,265.302,26.434
6.000,6.000,6.000,506.006,429.761,609.845,17.766,9.245,22.503,16.797,29.094,22.425,19.507,47.276,21.586,16.997,63.541,20.769,18.050,80.078,20.349,15.496,95.345,20.326,18.254,109.680,20.715,19.213,122.902,20.631,17.722,136.175,20.763,19.163,147.774,22.254,18.365,159.790,22.397,18.894,170.533,22.263,18.313,181.010,22.535,18.210,190.751,22.921,18.128,200.230,23.686,17.517,207.926,23.820,17.351,216.470,24.424,16.983,225.324,24.723,16.636,232.270,25.105,16.420,238.881,25.325,15.769,246.317,25.578,15.375,252.965,25.871,15.148,258.807,26.211,14.699,263.780,26.546,14.633,265.010,26.711
6.100,6.100,6.100,506.006,429.761,609.845,17.766,9.245,22.503,16.797,29.094,22.425,19.507,47.276,21.586,16.997,63.541,20.769,18.050,80.078,20.349,15.496,95.345,20.326,18.254,109.680,20.715,19.213,122.902,20.631,17.722,136.175,20.763,19.163,147.774,22.254,18.365,159.790,22.397,18.894,170.533,22.263,18.313,181.010,22.535,18.210,190.751,22.921,18.128,200.230,23.686,17.517,207.926,23.820,17.351,216.470,24.424,16.983,225.324,24.723,16.636,232.270,25.105,16.420,238.881,25.325,15.769,246.317,25.578,15.375,252.965,25.871,15.148,258.807,26.211,14.699,263.780,26.546,14.633,265.010,26.711
6.200,6.200,6.200,506.006,429.761,609.845,17.766,9.245,22.503,16.797,29.094,22.425,19.507,47.276,21.586,16.997,63.541,20.769,18.050,80.078,20.349,15.496,95.345,20.326,18.254,109.680,20.715,19.213,122.902,20.631,17.722,136.175,20.763,19.163,147.774,22.254,18.365,159.790,22.397,18.894,170.533,22.263,18.313,181.010,22.535,18.210,190.751,22.921,18.128,200.230,23.686,17.517,207.926,23.820,17.351,216.470,24.424,16.983,225.324,24.723,16.636,232.270,25.105,16.420,238.881,25.325,15.769,246.317,25.578,15.375,252.965,25.871,15.148,258.807,26.211,14.699,263.780,26.546,14.633,265.010,26.711
6.300,6.300,6.300,368.066,518.873,588.433,17.766,9.245,22.503,16.798,29.087,22.425,19.515,47.257,21.586,17.014,63.512,20.765,18.083,80.036,20.340,15.551,95.294,20.309,18.336,109.613,20.690,19.325,122.821,20.598,17.870,136.084,20.719,19.347,147.667,22.195,18.589,159.674,22.320,19.159,170.403,22.168,18.620,180.870,22.421,18.561,190.602,22.787,18.506,200.082,23.538,17.870,207.821,23.693,17.646,216.367,24.350,17.213,225.207,24.708,16.816,232.141,25.134,16.553,238.741,25.394,15.850,246.162,25.692,15.411,252.798,26.023,15.145,258.629,26.396,14.662,263.591,26.759,14.587,264.818,26.932
6.400,6.400,6.400,368.066,518.873,588.433,17.766,9.245,22.503,16.798,29.087,22.425,19.515,47.257,21.586,17.014,63.512,20.765,18.083,80.036,20.340,15.551,95.294,20.309,18.336,109.613,20.690,19.325,122.821,20.598,17.870,136.084,20.719,19.347,147.667,22.195,18.589,159.674,22.320,19.159,170.403,22.168,18.620,180.870,22.421,18.561,190.602,22.787,18.506,200.082,23.538,17.870,207.821,23.693,17.646,216.367,24.350,17.213,225.207,24.708,16.816,232.141,25.134,16.553,238.741,25.394,15.850,246.162,25.692,15.411,252.798,26.023,15.145,258.629,26.396,14.662,263.591,26.759,14.587,264.818,26.932
6.500,6.500,6.500,405.869,336.222,480.866,17.766,9.244,22.503,16.798,29.081,22.425,19.513,47.241,21.588,17.010,63.488,20.770,18.076,80.004,20.349,15.541,95.250,20.324,18.323,109.560,20.713,19.309,122.761,20.629,17.852,136.013,20.759,19.327,147.584,22.243,18.565,159.582,22.376,19.130,170.302,22.233,18.585,180.760,22.496,18.518,190.484,22.872,18.456,199.953,23.633,17.813,207.680,23.796,17.581,216.217,24.464,17.138,225.050,24.833,16.734,231.977,25.267,16.463,238.572,25.536,15.749,245.985,25.844,15.300,252.613,26.183,15.023,258.438,26.564,14.531,263.393,26.935,14.454,264.620,27.109
6.600,6.600,6.600,405.869,336.222,480.866,17.766,9.244,22.503,16.798,29.081,22.425,19.513,47.241,21.588,17.010,63.488,20.770,18.076,80.004,20.349,15.541,95.250,20.324,18.323,109.560,20.713,19.309,122.761,20.629,17.852,136.013,20.759,19.327,147.584,22.243,18.565,159.582,22.376,19.130,170.302,22.233,18.585,180.760,22.496,18.518,190.484,22.872,18.456,199.953,23.633,17.813,207.680,23.796,17.581,216.217,24.464,17.138,225.050,24.833,16.734,231.977,25.267,16.463,238.572,25.536,15.749,245.985,25.844,15.300,252.613,26.183,15.023,258.438,26.564,14.531,263.393,26.935,14.454,264.620,27.109
6.700,6.700,6.700,526.312,441.965,630.765,17.766,9.244,22.503,16.797,29.071,22.426,19.509,47.218,21.592,17.002,63.452,20.778,18.064,79.955,20.363,15.524,95.183,20.347,18.300,109.481,20.749,19.281,122.670,20.677,17.820,135.907,20.820,19.291,147.462,22.316,18.522,159.445,22.462,19.078,170.152,22.333,18.523,180.596,22.610,18.446,190.308,23.000,18.371,199.761,23.777,17.717,207.473,23.954,17.473,215.996,24.637,17.017,224.817,25.023,16.601,231.736,25.470,16.318,238.321,25.751,15.588,245.723,26.073,15.122,252.340,26.426,14.830,258.155,26.820,14.325,263.102,27.200,14.245,264.326,27.377
6.800,6.800,6.800,526.312,441.965,630.765,17.766,9.244,22.503,16.797,29.071,22.426,19.509,47.218,21.592,17.002,63.452,20.778,18.064,79.955,20.363,15.524,95.183,20.347,18.300,109.481,20.749,19.281,122.670,20.677,17.820,135.907,20.820,19.291,147.462,22.316,18.522,159.445,22.462,19.078,170.152,22.333,18.523,180.596,22.610,18.446,190.308,23.000,18.371,199.761,23.777,17.717,207.473,23.954,17.473,215.996,24.637,17.017,224.817,25.023,16.601,231.736,25.470,16.318,238.321,25.751,15.588,245.723,26.073,15.122,252.340,26.426,14.830,258.155,26.820,14.325,263.102,27.200,14.245,264.326,27.377
6.900,6.900,6.900,411.811,345.022,491.294,17.766,9.244,22.503,16.796,29.065,22.427,19.507,47.203,21.595,16.996,63.429,20.784,18.055,79.923,20.373,15.512,95.139,20.363,18.284,109.429,20.773,19.261,122.610,20.711,17.798,135.836,20.863,19.265,147.381,22.367,18.491,159.355,22.521,19.042,170.053,22.401,18.480,180.488,22.689,18.396,190.191,23.089,18.313,199.634,23.876,17.651,207.334,24.062,17.398,215.848,24.756,16.934,224.661,25.152,16.511,231.574,25.608,16.220,238.153,25.897,15.479,245.547,26.229,15.003,252.158,26.591,14.701,257.966,26.992,14.188,262.906,27.379,14.106,264.129,27.557
7.000,7.000,7.000,411.811,345.022,491.294,17.766,9.244,22.503,16.796,29.065,22.427,19.507,47.203,21.595,16.996,63.429,20.784,18.055,79.923,20.373,15.512,95.139,20.363,18.284,109.429,20.773,19.261,122.610,20.711,17.798,135.836,20.863,19.265,147.381,22.367,18.491,159.355,22.521,19.042,170.053,22.401,18.480,180.488,22.689,18.396,190.191,23.089,18.313,199.634,23.876,17.651,207.334,24.062,17.398,215.848,24.756,16.934,224.661,25.152,16.511,231.574,25.608,16.220,238.153,25.897,15.479,245.547,26.229,15.003,252.158,26.591,14.701,257.966,26.992,14.188,262.906,27.379,14.106,264.129,27.557
7.100,7.100,7.100,411.811,345.022,491.294,17.766,9.244,22.503,16.796,29.065,22.427,19.507,47.203,21.595,16.996,63.429,20.784,18.055,79.923,20.373,15.512,95.139,20.363,18.284,109.429,20.773,19.261,122.610,20.711,17.798,135.836,20.863,19.265,147.381,22.367,18.491,159.355,22.521,19.042,170.053,22.401,18.480,180.488,22.689,18.396,190.191,23.089,18.313,199.634,23.876,17.651,207.334,24.062,17.398,215.848,24.756,16.934,224.661,25.152,16.511,231.574,25.608,16.220,238.153,25.897,15.479,245.547,26.229,15.003,252.158,26.591,14.701,257.966,26.992,14.188,262.906,27.379,14.106,264.129,27.557
7.200,7.200,7.200,417.297,347.794,497.260,17.766,9.244,22.503,16.796,29.059,22.427,19.504,47.187,21.597,16.991,63.405,20.789,18.047,79.890,20.382,15.500,95.095,20.379,18.268,109.376,20.797,19.242,122.550,20.743,17.775,135.766,20.904,19.240,147.299,22.417,18.461,159.264,22.579,19.007,169.953,22.469,18.438,180.379,22.766,18.346,190.075,23.176,18.255,199.506,23.973,17.587,207.195,24.168,17.325,215.700,24.872,16.852,224.506,25.279,16.422,231.412,25.743,16.123,237.985,26.041,15.372,245.371,26.382,14.886,251.975,26.752,14.574,257.776,27.161,14.052,262.711,27.555,13.967,263.932,27.735
7.300,7.300,7.300,417.297,347.794,497.260,17.766,9.244,22.503,16.796,29.059,22.427,19.504,47.187,21.597,16.991,63.405,20.789,18.047,79.890,20.382,15.500,95.095,20.379,18.268,109.376,20.797,19.242,122.550,20.743,17.775,135.766,20.904,19.240,147.299,22.417,18.461,159.264,22.579,19.007,169.953,22.469,18.438,180.379,22.766,18.346,190.075,23.176,18.255,199.506,23.973,17.587,207.195,24.168,17.325,215.700,24.872,16.852,224.506,25.279,16.422,231.412,25.743,16.123,237.985,26.041,15.372,245.371,26.382,14.886,251.975,26.752,14.574,257.776,27.161,14.052,262.711,27.555,13.967,263.932,27.735
7.400,7.400,7.400,422.499,351.534,503.144,17.766,9.244,22.503,16.795,29.053,22.428,19.502,47.172,21.600,16.986,63.381,20.795,18.038,79.858,20.392,15.488,95.051,20.394,18.252,109.324,20.821,19.223,122.490,20.776,17.753,135.695,20.946,19.215,147.218,22.466,18.431,159.173,22.637,18.971,169.853,22.536,18.396,180.270,22.843,18.297,189.958,23.262,18.197,199.379,24.070,17.522,207.056,24.273,17.253,215.552,24.988,16.771,224.350,25.406,16.334,231.250,25.878,16.027,237.817,26.184,15.266,245.196,26.534,14.769,251.792,26.913,14.447,257.587,27.329,13.917,262.515,27.730,13.830,263.735,27.911
7.500,7.500,7.500,422.499,351.534,503.144,17.766,9.244,22.503,16.795,29.053,22.428,19.502,47.172,21.600,16.986,63.381,20.795,18.038,79.858,20.392,15.488,95.051,20.394,18.252,109.324,20.821,19.223,122.490,20.776,17.753,135.695,20.946,19.215,147.218,22.466,18.431,159.173,22.637,18.971,169.853,22.536,18.396,180.270,22.843,18.297,189.958,23.262,18.197,199.379,24.070,17.522,207.056,24.273,17.253,215.552,24.988,16.771,224.350,25.406,16.334,231.250,25.878,16.027,237.817,26.184,15.266,245.196,26.534,14.769,251.792,26.913,14.447,257.587,27.329,13.917,262.515,27.730,13.830,263.735,27.911
7.600,7.600,7.600,550.312,458.476,657.535,17.766,9.243,22.503,16.795,29.043,22.428,19.498,47.149,21.604,16.978,63.345,20.803,18.026,79.809,20.406,15.470,94.984,20.417,18.229,109.245,20.856,19.195,122.399,20.823,17.721,135.589,21.006,19.179,147.095,22.538,18.389,159.036,22.722,18.921,169.703,22.634,18.335,180.106,22.955,18.226,189.781,23.389,18.114,199.186,24.212,17.428,206.848,24.428,17.146,215.330,25.158,16.652,224.116,25.592,16.204,231.006,26.077,15.885,237.565,26.394,15.108,244.932,26.759,14.595,251.517,27.151,14.259,257.302,27.579,13.715,262.222,27.989,13.625,263.439,28.174
7.700,7.700,7.700,550.312,458.476,657.535,17.766,9.243,22.503,16.795,29.043,22.428,19.498,47.149,21.604,16.978,63.345,20.803,18.026,79.809,20.406,15.470,94.984,20.417,18.229,109.245,20.856,19.195,122.399,20.823,17.721,135.589,21.006,19.179,147.095,22.538,18.389,159.036,22.722,18.921,169.703,22.634,18.335,180.106,22.955,18.226,189.781,23.389,18.114,199.186,24.212,17.428,206.848,24.428,17.146,215.330,25.158,16.652,224.116,25.592,16.204,231.006,26.077,15.885,237.565,26.394,15.108,244.932,26.759,14.595,251.517,27.151,14.259,257.302,27.579,13.715,262.222,27.989,13.625,263.439,28.174
7.800,7.800,7.800,435.371,361.718,517.880,17.766,9.243,22.503,16.794,29.037,22.429,19.496,47.134,21.606,16.973,63.322,20.808,18.018,79.776,20.416,15.458,94.940,20.433,18.213,109.192,20.880,19.175,122.339,20.856,17.698,135.518,21.048,19.153,147.013,22.588,18.358,158.945,22.780,18.885,169.603,22.701,18.292,179.996,23.032,18.176,189.664,23.476,18.056,199.058,24.310,17.364,206.708,24.534,17.073,215.181,25.274,16.571,223.960,25.719,16.115,230.844,26.212,15.789,237.396,26.537,15.002,244.755,26.911,14.479,251.333,27.312,14.133,257.112,27.747,13.581,262.025,28.164,13.489,263.241,28.350
7.900,7.900,7.900,435.371,361.718,517.880,17.766,9.243,22.503,16.794,29.037,22.429,19.496,47.134,21.606,16.973,63.322,20.808,18.018,79.776,20.416,15.458,94.940,20.433,18.213,109.192,20.880,19.175,122.339,20.856,17.698,135.518,21.048,19.153,147.013,22.588,18.358,158.945,22.780,18.885,169.603,22.701,18.292,179.996,23.032,18.176,189.664,23.476,18.056,199.058,24.310,17.364,206.708,24.534,17.073,215.181,25.274,16.571,223.960,25.719,16.115,230.844,26.212,15.789,237.396,26.537,15.002,244.755,26.911,14.479,251.333,27.312,14.133,257.112,27.747,13.581,262.025,28.164,13.489,263.241,28.350
8.000,8.000,8.000,435.371,361.718,517.880,17.766,9.243,22.503,16.794,29.037,22.429,19.496,47.134,21.606,16.973,63.322,20.808,18.018,79.776,20.416,15.458,94.940,20.433,18.213,109.192,20.880,19.175,122.339,20.856,17.698,135.518,21.048,19.153,147.013,22.588,18.358,158.945,22.780,18.885,169.603,22.701,18.292,179.996,23.032,18.176,189.664,23.476,18.056,199.058,24.310,17.364,206.708,24.534,17.073,215.181,25.274,16.571,223.960,25.719,16.115,230.844,26.212,15.789,237.396,26.537,15.002,244.755,26.911,14.479,251.333,27.312,14.133,257.112,27.747,13.581,262.025,28.164,13.489,263.241,28.350
8.100,8.100,8.100,440.888,364.479,523.849,17.766,9.243,22.503,16.794,29.031,22.429,19.494,47.118,21.609,16.967,63.298,20.814,18.009,79.744,20.425,15.446,94.895,20.448,18.197,109.140,20.904,19.155,122.279,20.888,17.676,135.447,21.089,19.128,146.931,22.637,18.328,158.854,22.837,18.850,169.503,22.768,18.251,179.887,23.108,18.127,189.547,23.562,18.000,198.930,24.405,17.300,206.569,24.638,17.002,215.033,25.389,16.490,223.803,25.843,16.028,230.681,26.345,15.694,237.228,26.678,14.897,244.579,27.061,14.364,251.149,27.470,14.008,256.921,27.913,13.448,261.828,28.336,13.354,263.043,28.523
8.200,8.200,8.200,440.888,364.479,523.849,17.766,9.243,22.503,16.794,29.031,22.429,19.494,47.118,21.609,16.967,63.298,20.814,18.009,79.744,20.425,15.446,94.895,20.448,18.197,109.140,20.904,19.155,122.279,20.888,17.676,135.447,21.089,19.128,146.931,22.637,18.328,158.854,22.837,18.850,169.503,22.768,18.251,179.887,23.108,18.127,189.547,23.562,18.000,198.930,24.405,17.300,206.569,24.638,17.002,215.033,25.389,16.490,223.803,25.843,16.028,230.681,26.345,15.694,237.228,26.678,14.897,244.579,27.061,14.364,251.149,27.470,14.008,256.921,27.913,13.448,261.828,28.336,13.354,263.043,28.523
8.300,8.300,8.300,446.122,368.180,529.733,17.766,9.243,22.504,16.793,29.025,22.430,19.491,47.103,21.612,16.962,63.274,20.819,18.001,79.711,20.435,15.434,94.851,20.464,18.181,109.087,20.927,19.136,122.219,20.920,17.653,135.376,21.130,19.103,146.850,22.686,18.299,158.763,22.895,18.815,169.403,22.834,18.209,179.778,23.184,18.079,189.429,23.647,17.943,198.802,24.501,17.237,206.429,24.742,16.930,214.884,25.502,16.411,223.647,25.968,15.941,230.518,26.478,15.599,237.059,26.819,14.792,244.402,27.211,14.249,250.965,27.628,13.884,256.730,28.078,13.316,261.632,28.507,13.219,262.845,28.696
8.400,8.400,8.400,446.122,368.180,529.733,17.766,9.243,22.504,16.793,29.025,22.430,19.491,47.103,21.612,16.962,63.274,20.819,18.001,79.711,20.435,15.434,94.851,20.464,18.181,109.087,20.927,19.136,122.219,20.920,17.653,135.376,21.130,19.103,146.850,22.686,18.299,158.763,22.895,18.815,169.403,22.834,18.209,179.778,23.184,18.079,189.429,23.647,17.943,198.802,24.501,17.237,206.429,24.742,16.930,214.884,25.502,16.411,223.647,25.968,15.941,230.518,26.478,15.599,237.059,26.819,14.792,244.402,27.211,14.249,250.965,27.628,13.884,256.730,28.078,13.316,261.632,28.507,13.219,262.845,28.696
8.500,8.500,8.500,574.618,474.629,684.318,17.766,9.242,22.504,16.792,29.015,22.430,19.488,47.080,21.615,16.954,63.238,20.827,17.988,79.662,20.448,15.416,94.784,20.486,18.158,109.008,20.962,19.108,122.128,20.967,17.622,135.270,21.190,19.067,146.726,22.757,18.256,158.626,22.978,18.764,169.252,22.930,18.149,179.613,23.294,18.009,189.252,23.771,17.861,198.608,24.640,17.144,206.220,24.894,16.826,214.661,25.669,16.294,223.412,26.150,15.814,230.274,26.672,15.460,236.805,27.025,14.638,244.137,27.431,14.079,250.689,27.860,13.700,256.444,28.321,13.119,261.336,28.760,13.019,262.547,28.952
8.600,8.600,8.600,574.618,474.629,684.318,17.766,9.242,22.504,16.792,29.015,22.430,19.488,47.080,21.615,16.954,63.238,20.827,17.988,79.662,20.448,15.416,94.784,20.486,18.158,109.008,20.962,19.108,122.128,20.967,17.622,135.270,21.190,19.067,146.726,22.757,18.256,158.626,22.978,18.764,169.252,22.930,18.149,179.613,23.294,18.009,189.252,23.771,17.861,198.608,24.640,17.144,206.220,24.894,16.826,214.661,25.669,16.294,223.412,26.150,15.814,230.274,26.672,15.460,236.805,27.025,14.638,244.137,27.431,14.079,250.689,27.860,13.700,256.444,28.321,13.119,261.336,28.760,13.019,262.547,28.952
8.700,8.700,8.700,459.127,378.177,544.508,17.766,9.242,22.504,16.792,29.009,22.431,19.485,47.064,21.618,16.949,63.214,20.833,17.980,79.630,20.458,15.404,94.740,20.502,18.142,108.955,20.986,19.088,122.067,21.000,17.599,135.198,21.232,19.042,146.644,22.807,18.226,158.534,23.036,18.729,169.152,22.997,18.107,179.503,23.371,17.959,189.134,23.857,17.804,198.480,24.736,17.081,206.080,24.998,16.754,214.511,25.784,16.214,223.255,26.275,15.728,230.110,26.805,15.366,236.636,27.165,14.534,243.959,27.580,13.965,250.504,28.018,13.576,256.253,28.486,12.987,261.138,28.931,12.885,262.348,29.124
8.800,8.800,8.800,459.127,378.177,544.508,17.766,9.242,22.504,16.792,29.009,22.431,19.485,47.064,21.618,16.949,63.214,20.833,17.980,79.630,20.458,15.404,94.740,20.502,18.142,108.955,20.986,19.088,122.067,21.000,17.599,135.198,21.232,19.042,146.644,22.807,18.226,158.534,23.036,18.729,169.152,22.997,18.107,179.503,23.371,17.959,189.134,23.857,17.804,198.480,24.736,17.081,206.080,24.998,16.754,214.511,25.784,16.214,223.255,26.275,15.728,230.110,26.805,15.366,236.636,27.165,14.534,243.959,27.580,13.965,250.504,28.018,13.576,256.253,28.486,12.987,261.138,28.931,12.885,262.348,29.124
8.900,8.900,8.900,459.127,378.177,544.508,17.766,9.242,22.504,16.792,29.009,22.431,19.485,47.064,21.618,16.949,63.214,20.833,17.980,79.630,20.458,15.404,94.740,20.502,18.142,108.955,20.986,19.088,122.067,21.000,17.599,135.198,21.232,19.042,146.644,22.807,18.226,158.534,23.036,18.729,169.152,22.997,18.107,179.503,23.371,17.959,189.134,23.857,17.804,198.480,24.736,17.081,206.080,24.998,16.754,214.511,25.784,16.214,223.255,26.275,15.728,230.110,26.805,15.366,236.636,27.165,14.534,243.959,27.580,13.965,250.504,28.018,13.576,256.253,28.486,12.987,261.138,28.931,12.885,262.348,29.124
9.000,9.000,9.000,464.660,380.942,550.469,17.766,9.242,22.504,16.791,29.003,22.431,19.483,47.049,21.621,16.943,63.191,20.838,17.971,79.597,20.467,15.392,94.695,20.517,18.126,108.903,21.009,19.068,122.007,21.031,17.576,135.127,21.272,19.016,146.562,22.855,18.196,158.443,23.092,18.694,169.051,23.063,18.065,179.393,23.445,17.911,189.017,23.941,17.748,198.351,24.830,17.018,205.940,25.101,16.684,214.362,25.896,16.135,223.098,26.398,15.642,229.947,26.936,15.273,236.466,27.303,14.431,243.782,27.727,13.852,250.319,28.173,13.454,256.061,28.648,12.857,260.941,29.099,12.753,262.149,29.294
9.100,9.100,9.100,464.660,380.942,550.469,17.766,9.242,22.504,16.791,29.003,22.431,19.483,47.049,21.621,16.943,63.191,20.838,17.971,79.597,20.467,15.392,94.695,20.517,18.126,108.903,21.009,19.068,122.007,21.031,17.576,135.127,21.272,19.016,146.562,22.855,18.196,158.443,23.092,18.694,169.051,23.063,18.065,179.393,23.445,17.911,189.017,23.941,17.748,198.351,24.830,17.018,205.940,25.101,16.684,214.362,25.896,16.135,223.098,26.398,15.642,229.947,26.936,15.273,236.466,27.303,14.431,243.782,27.727,13.852,250.319,28.173,13.454,256.061,28.648,12.857,260.941,29.099,12.753,262.149,29.294
9.200,9.200,9.200,469.913,384.618,556.344,17.766,9.242,22.504,16.791,28.996,22.432,19.480,47.034,21.623,16.938,63.167,20.843,17.963,79.565,20.477,15.380,94.651,20.533,18.110,108.850,21.032,19.049,121.946,21.063,17.554,135.056,21.313,18.991,146.480,22.903,18.167,158.351,23.148,18.659,168.951,23.128,18.024,179.284,23.520,17.863,188.899,24.025,17.692,198.222,24.924,16.956,205.800,25.203,16.614,214.213,26.008,16.057,222.941,26.520,15.557,229.783,27.066,15.180,236.296,27.441,14.329,243.604,27.874,13.740,250.134,28.327,13.332,255.869,28.810,12.727,260.742,29.267,12.621,261.949,29.463
9.300,9.300,9.300,469.913,384.618,556.344,17.766,9.242,22.504,16.791,28.996,22.432,19.480,47.034,21.623,16.938,63.167,20.843,17.963,79.565,20.477,15.380,94.651,20.533,18.110,108.850,21.032,19.049,121.946,21.063,17.554,135.056,21.313,18.991,146.480,22.903,18.167,158.351,23.148,18.659,168.951,23.128,18.024,179.284,23.520,17.863,188.899,24.025,17.692,198.222,24.924,16.956,205.800,25.203,16.614,214.213,26.008,16.057,222.941,26.520,15.557,229.783,27.066,15.180,236.296,27.441,14.329,243.604,27.874,13.740,250.134,28.327,13.332,255.869,28.810,12.727,260.742,29.267,12.621,261.949,29.463
9.400,9.400,9.400,599.098,490.538,711.107,17.766,9.241,22.504,16.790,28.987,22.432,19.477,47.010,21.627,16.930,63.131,20.851,17.950,79.516,20.490,15.362,94.584,20.555,18.087,108.771,21.066,19.020,121.855,21.109,17.522,134.949,21.372,18.956,146.356,22.973,18.124,158.213,23.230,18.609,168.799,23.223,17.965,179.118,23.629,17.794,188.721,24.148,17.612,198.028,25.061,16.865,205.590,25.352,16.511,213.989,26.172,15.942,222.705,26.699,15.432,229.538,27.257,15.044,236.042,27.643,14.178,243.338,28.089,13.574,249.856,28.555,13.152,255.581,29.049,12.534,260.445,29.515,12.425,261.650,29.714
9.500,9.500,9.500,599.098,490.538,711.107,17.766,9.241,22.504,16.790,28.987,22.432,19.477,47.010,21.627,16.930,63.131,20.851,17.950,79.516,20.490,15.362,94.584,20.555,18.087,108.771,21.066,19.020,121.855,21.109,17.522,134.949,21.372,18.956,146.356,22.973,18.124,158.213,23.230,18.609,168.799,23.223,17.965,179.118,23.629,17.794,188.721,24.148,17.612,198.028,25.061,16.865,205.590,25.352,16.511,213.989,26.172,15.942,222.705,26.699,15.432,229.538,27.257,15.044,236.042,27.643,14.178,243.338,28.089,13.574,249.856,28.555,13.152,255.581,29.049,12.534,260.445,29.515,12.425,261.650,29.714
9.600,9.600,9.600,625.114,515.537,516.066,17.766,9.241,22.504,16.788,28.979,22.432,19.469,46.991,21.624,16.912,63.099,20.840,17.919,79.472,20.465,15.334,94.547,20.539,18.094,108.764,21.117,19.050,121.837,21.241,17.573,134.919,21.575,19.019,146.303,23.238,18.199,158.148,23.550,18.690,168.721,23.590,18.045,179.027,24.037,17.871,188.618,24.591,17.681,197.910,25.536,16.925,205.458,25.847,16.558,213.844,26.687,15.973,222.550,27.230,15.449,229.374,27.797,15.044,235.870,28.191,14.157,243.155,28.641,13.530,249.663,29.109,13.088,255.380,29.604,12.451,260.236,30.070,12.337,261.438,30.269
9.700,9.700,9.700,625.114,515.537,516.066,17.766,9.241,22.504,16.788,28.979,22.432,19.469,46.991,21.624,16.912,63.099,20.840,17.919,79.472,20.465,15.334,94.547,20.539,18.094,108.764,21.117,19.050,121.837,21.241,17.573,134.919,21.575,19.019,146.303,23.238,18.199,158.148,23.550,18.690,168.721,23.590,18.045,179.027,24.037,17.871,188.618,24.591,17.681,197.910,25.536,16.925,205.458,25.847,16.558,213.844,26.687,15.973,222.550,27.230,15.449,229.374,27.797,15.044,235.870,28.191,14.157,243.155,28.641,13.530,249.663,29.109,13.088,255.380,29.604,12.451,260.236,30.070,12.337,261.438,30.269
9.800,9.800,9.800,625.114,515.537,516.066,17.766,9.241,22.504,16.788,28.979,22.432,19.469,46.991,21.624,16.912,63.099,20.840,17.919,79.472,20.465,15.334,94.547,20.539,18.094,108.764,21.117,19.050,121.837,21.241,17.573,134.919,21.575,19.019,146.303,23.238,18.199,158.148,23.550,18.690,168.721,23.590,18.045,179.027,24.037,17.871,188.618,24.591,17.681,197.910,25.536,16.925,205.458,25.847,16.558,213.844,26.687,15.973,222.550,27.230,15.449,229.374,27.797,15.044,235.870,28.191,14.157,243.155,28.641,13.530,249.663,29.109,13.088,255.380,29.604,12.451,260.236,30.070,12.337,261.438,30.269
9.900,9.900,9.900,492.271,401.519,574.976,17.766,9.241,22.504,16.788,28.972,22.432,19.467,46.976,21.627,16.907,63.075,20.846,17.911,79.439,20.477,15.322,94.502,20.557,18.078,108.710,21.143,19.030,121.775,21.274,17.549,134.846,21.616,18.993,146.219,23.287,18.167,158.054,23.606,18.653,168.619,23.656,18.002,178.915,24.112,17.821,188.498,24.676,17.623,197.779,25.630,16.861,205.315,25.949,16.487,213.692,26.799,15.894,222.390,27.352,15.363,229.208,27.927,14.951,235.698,28.328,14.054,242.975,28.787,13.418,249.476,29.263,12.967,255.185,29.764,12.322,260.035,30.237,12.207,261.236,30.437
10.000,10.000,10.000,492.271,401.519,574.976,17.766,9.241,22.504,16.788,28.972,22.432,19.467,46.976,21.627,16.907,63.075,20.846,17.911,79.439,20.477,15.322,94.502,20.557,18.078,108.710,21.143,19.030,121.775,21.274,17.549,134.846,21.616,18.993,146.219,23.287,18.167,158.054,23.606,18.653,168.619,23.656,18.002,178.915,24.112,17.821,188.498,24.676,17.623,197.779,25.630,16.861,205.315,25.949,16.487,213.692,26.799,15.894,222.390,27.352,15.363,229.208,27.927,14.951,235.698,28.328,14.054,242.975,28.787,13.418,249.476,29.263,12.967,255.185,29.764,12.322,260.035,30.237,12.207,261.236,30.437
10.000,10.000,10.000,646.143,286.454,936.260,17.766,9.241,22.504,16.787,28.962,22.435,19.462,46.949,21.648,16.896,63.037,20.903,17.892,79.389,20.588,15.313,94.508,20.680,18.100,108.726,21.140,19.077,121.780,21.126,17.620,134.842,21.332,19.080,146.212,22.900,18.268,158.037,23.124,18.762,168.587,23.102,18.116,178.874,23.499,17.937,188.448,24.019,17.737,197.717,24.941,16.973,205.240,25.243,16.593,213.605,26.084,15.995,222.293,26.636,15.458,229.102,27.217,15.038,235.582,27.629,14.129,242.847,28.107,13.480,249.336,28.607,13.015,255.034,29.131,12.359,259.873,29.625,12.240,261.071,29.830
