L1,L2,F1,F2,x1,y1,z1,x2,y2,z2,x3,y3,z3,x4,y4,z4
0.100,-0.100,0.100,0.100,15.387,87.756,13.687,15.169,87.756,13.309,10.882,87.755,13.373,10.523,87.755,13.752
0.200,-0.200,0.721,0.100,15.110,87.753,13.689,14.891,87.750,13.310,10.604,87.702,13.375,10.246,87.698,13.753
0.300,-0.300,1.702,0.100,14.872,87.738,13.687,14.654,87.732,13.309,10.368,87.629,13.373,10.009,87.621,13.752
0.400,-0.400,1.702,0.100,14.872,87.738,13.687,14.654,87.732,13.309,10.368,87.629,13.373,10.009,87.621,13.752
0.500,-0.500,3.326,0.100,14.294,87.715,13.688,14.075,87.705,13.309,9.792,87.488,13.374,9.432,87.473,13.753
0.600,-0.600,3.603,0.100,13.819,87.716,13.694,13.600,87.703,13.315,9.321,87.427,13.380,8.962,87.406,13.759
0.700,-0.700,4.216,0.100,13.432,87.706,13.699,13.214,87.690,13.320,8.938,87.356,13.385,8.579,87.331,13.765
0.800,-0.800,4.216,0.100,13.432,87.706,13.699,13.214,87.690,13.320,8.938,87.356,13.385,8.579,87.331,13.765
0.900,-0.900,5.937,0.100,12.877,87.661,13.701,12.660,87.639,13.322,8.393,87.194,13.387,8.034,87.161,13.767
1.000,-1.000,6.403,0.100,12.482,87.642,13.705,12.265,87.616,13.326,8.006,87.113,13.391,7.647,87.076,13.771
1.100,-1.100,6.403,0.100,12.482,87.642,13.705,12.265,87.616,13.326,8.006,87.113,13.391,7.647,87.076,13.771
1.200,-1.200,8.125,0.100,11.915,87.584,13.706,11.698,87.554,13.327,7.452,86.939,13.392,7.093,86.893,13.772
1.300,-1.300,8.565,0.100,11.510,87.557,13.709,11.294,87.523,13.331,7.057,86.851,13.396,6.699,86.801,13.776
1.400,-1.400,8.565,0.100,11.510,87.557,13.709,11.294,87.523,13.331,7.057,86.851,13.396,6.699,86.801,13.776
1.500,-1.500,10.276,0.100,10.940,87.486,13.710,10.725,87.447,13.332,6.505,86.664,13.397,6.148,86.605,13.778
1.600,-1.600,10.717,0.100,10.538,87.449,13.714,10.323,87.407,13.336,6.116,86.567,13.401,5.760,86.504,13.782
1.700,-1.700,10.717,0.100,10.538,87.449,13.714,10.323,87.407,13.336,6.116,86.567,13.401,5.760,86.504,13.782
1.800,-1.800,12.434,0.100,9.973,87.365,13.715,9.759,87.317,13.337,5.573,86.367,13.403,5.218,86.296,13.783
1.900,-1.900,12.876,0.100,9.573,87.320,13.719,9.361,87.269,13.341,5.189,86.262,13.407,4.835,86.186,13.787
2.000,-2.000,13.617,0.100,9.246,87.272,13.722,9.034,87.218,13.343,4.876,86.156,13.409,4.522,86.076,13.790
2.100,-2.100,13.617,0.100,9.246,87.272,13.722,9.034,87.218,13.343,4.876,86.156,13.409,4.522,86.076,13.790
2.200,-2.200,15.366,0.100,8.714,87.168,13.721,8.503,87.109,13.343,4.372,85.938,13.409,4.020,85.850,13.790
2.300,-2.300,15.797,0.100,8.314,87.111,13.725,8.105,87.050,13.347,3.991,85.823,13.412,3.640,85.731,13.794
2.400,-2.400,15.797,0.100,8.314,87.111,13.725,8.105,87.050,13.347,3.991,85.823,13.412,3.640,85.731,13.794
2.500,-2.500,17.476,0.100,7.741,86.995,13.726,7.533,86.929,13.348,3.451,85.594,13.414,3.101,85.494,13.795
2.600,-2.600,17.884,0.100,7.334,86.930,13.730,7.127,86.861,13.352,3.064,85.471,13.418,2.716,85.366,13.799
2.700,-2.700,17.884,0.100,7.334,86.930,13.730,7.127,86.861,13.352,3.064,85.471,13.418,2.716,85.366,13.799
2.800,-2.800,19.585,0.100,6.773,86.800,13.731,6.568,86.725,13.353,2.541,85.229,13.419,2.195,85.116,13.801
2.900,-2.900,20.020,0.100,6.381,86.727,13.735,6.177,86.649,13.357,2.172,85.098,13.423,1.827,84.981,13.805
3.000,-3.000,20.020,0.100,6.381,86.727,13.735,6.177,86.649,13.357,2.172,85.098,13.423,1.827,84.981,13.805
3.100,-3.100,21.733,0.100,5.830,86.583,13.736,5.628,86.500,13.358,1.663,84.845,13.424,1.320,84.719,13.806
3.200,-3.200,22.164,0.100,5.439,86.501,13.740,5.238,86.415,13.361,1.297,84.707,13.428,0.956,84.577,13.810
3.300,-3.300,22.895,0.100,5.118,86.421,13.742,4.918,86.333,13.363,1.000,84.571,13.430,0.660,84.437,13.812
3.400,-3.400,22.895,0.100,5.118,86.421,13.742,4.918,86.333,13.363,1.000,84.571,13.430,0.660,84.437,13.812
3.500,-3.500,24.633,0.100,4.599,86.261,13.741,4.401,86.167,13.363,0.528,84.304,13.429,0.190,84.162,13.812
3.600,-3.600,25.051,0.100,4.208,86.168,13.744,4.012,86.072,13.366,0.166,84.156,13.433,-0.170,84.010,13.815
3.700,-3.700,25.051,0.100,4.208,86.168,13.744,4.012,86.072,13.366,0.166,84.156,13.433,-0.170,84.010,13.815
3.800,-3.800,26.722,0.100,3.651,85.993,13.745,3.457,85.892,13.367,-0.340,83.875,13.434,-0.673,83.721,13.816
3.900,-3.900,27.119,0.100,3.254,85.891,13.749,3.062,85.787,13.371,-0.705,83.720,13.438,-1.036,83.561,13.821
4.000,-4.000,27.836,0.100,2.935,85.794,13.751,2.744,85.688,13.373,-0.996,83.570,13.440,-1.325,83.407,13.823
4.100,-4.100,27.836,0.100,2.935,85.794,13.751,2.744,85.688,13.373,-0.996,83.570,13.440,-1.325,83.407,13.823
4.200,-4.200,29.576,0.100,2.429,85.604,13.751,2.241,85.493,13.372,-1.445,83.277,13.440,-1.772,83.107,13.823
4.300,-4.300,29.993,0.100,2.048,85.492,13.754,1.861,85.378,13.376,-1.793,83.113,13.443,-2.117,82.939,13.826
4.400,-4.400,29.993,0.100,2.048,85.492,13.754,1.861,85.378,13.376,-1.793,83.113,13.443,-2.117,82.939,13.826
4.500,-4.500,31.665,0.100,1.504,85.287,13.754,1.321,85.168,13.376,-2.275,82.807,13.444,-2.596,82.625,13.827
4.600,-4.600,32.056,0.100,1.115,85.165,13.758,0.933,85.044,13.380,-2.628,82.635,13.448,-2.946,82.449,13.831
4.700,-4.700,32.765,0.100,0.801,85.051,13.760,0.621,84.928,13.382,-2.908,82.471,13.450,-3.225,82.281,13.833
4.800,-4.800,32.765,0.100,0.801,85.051,13.760,0.621,84.928,13.382,-2.908,82.471,13.450,-3.225,82.281,13.833
4.900,-4.900,34.500,0.100,0.307,84.833,13.759,0.130,84.705,13.381,-3.337,82.156,13.449,-3.649,81.959,13.833
5.000,-5.000,34.909,0.100,-0.066,84.702,13.763,-0.242,84.571,13.384,-3.672,81.977,13.453,-3.982,81.775,13.836
5.100,-5.100,34.909,0.100,-0.066,84.702,13.763,-0.242,84.571,13.384,-3.672,81.977,13.453,-3.982,81.775,13.836
5.200,-5.200,36.579,0.100,-0.595,84.467,13.763,-0.767,84.333,13.384,-4.131,81.647,13.453,-4.437,81.438,13.837
5.300,-5.300,36.963,0.100,-0.976,84.327,13.767,-1.146,84.190,13.388,-4.471,81.460,13.457,-4.774,81.247,13.841
5.400,-5.400,37.665,0.100,-1.283,84.197,13.769,-1.451,84.058,13.390,-4.739,81.283,13.459,-5.040,81.066,13.843
5.500,-5.500,37.665,0.100,-1.283,84.197,13.769,-1.451,84.058,13.390,-4.739,81.283,13.459,-5.040,81.066,13.843
5.600,-5.600,39.397,0.100,-1.762,83.951,13.768,-1.927,83.807,13.389,-5.145,80.946,13.458,-5.441,80.723,13.843
5.700,-5.700,39.800,0.100,-2.127,83.801,13.771,-2.289,83.655,13.392,-5.466,80.752,13.462,-5.759,80.524,13.846
5.800,-5.800,39.800,0.100,-2.127,83.801,13.771,-2.289,83.655,13.392,-5.466,80.752,13.462,-5.759,80.524,13.846
5.900,-5.900,41.468,0.100,-2.639,83.539,13.771,-2.798,83.389,13.392,-5.901,80.401,13.462,-6.189,80.167,13.846
6.000,-6.000,41.845,0.100,-3.010,83.380,13.774,-3.166,83.228,13.396,-6.226,80.200,13.466,-6.512,79.961,13.850
6.100,-6.100,41.845,0.100,-3.010,83.380,13.774,-3.166,83.228,13.396,-6.226,80.200,13.466,-6.512,79.961,13.850
6.200,-6.200,43.526,0.100,-3.508,83.106,13.774,-3.661,82.950,13.396,-6.644,79.841,13.466,-6.924,79.595,13.851
6.300,-6.300,43.923,0.100,-3.864,82.941,13.778,-4.015,82.783,13.399,-6.953,79.635,13.469,-7.230,79.386,13.854
6.400,-6.400,44.625,0.100,-4.155,82.789,13.779,-4.304,82.629,13.400,-7.199,79.442,13.471,-7.473,79.189,13.856
6.500,-6.500,44.625,0.100,-4.155,82.789,13.779,-4.304,82.629,13.400,-7.199,79.442,13.471,-7.473,79.189,13.856
6.600,-6.600,46.356,0.100,-4.610,82.506,13.777,-4.754,82.342,13.399,-7.570,79.078,13.470,-7.839,78.819,13.855
6.700,-6.700,46.744,0.100,-4.961,82.331,13.780,-5.103,82.165,13.402,-7.872,78.865,13.473,-8.137,78.602,13.858
6.800,-6.800,46.744,0.100,-4.961,82.331,13.780,-5.103,82.165,13.402,-7.872,78.865,13.473,-8.137,78.602,13.858
6.900,-6.900,48.406,0.100,-5.449,82.030,13.780,-5.586,81.861,13.402,-8.271,78.487,13.473,-8.530,78.217,13.858
7.000,-7.000,48.773,0.100,-5.803,81.846,13.784,-5.939,81.675,13.405,-8.574,78.266,13.477,-8.831,77.993,13.862
7.100,-7.100,49.454,0.100,-6.090,81.679,13.785,-6.223,81.506,13.407,-8.812,78.061,13.478,-9.065,77.785,13.863
7.200,-7.200,49.454,0.100,-6.090,81.679,13.785,-6.223,81.506,13.407,-8.812,78.061,13.478,-9.065,77.785,13.863
7.300,-7.300,51.184,0.100,-6.526,81.371,13.784,-6.654,81.194,13.405,-9.157,77.682,13.477,-9.404,77.399,13.863
7.400,-7.400,51.569,0.100,-6.863,81.180,13.786,-6.989,81.002,13.408,-9.442,77.457,13.480,-9.685,77.171,13.866
7.500,-7.500,51.569,0.100,-6.863,81.180,13.786,-6.989,81.002,13.408,-9.442,77.457,13.480,-9.685,77.171,13.866
7.600,-7.600,53.234,0.100,-7.328,80.854,13.786,-7.449,80.673,13.407,-9.812,77.062,13.480,-10.049,76.771,13.866
7.700,-7.700,53.594,0.100,-7.670,80.654,13.789,-7.789,80.471,13.411,-10.099,76.830,13.483,-10.333,76.535,13.869
7.800,-7.800,53.594,0.100,-7.670,80.654,13.789,-7.789,80.471,13.411,-10.099,76.830,13.483,-10.333,76.535,13.869
7.900,-7.900,55.269,0.100,-8.120,80.319,13.788,-8.234,80.133,13.410,-10.452,76.430,13.483,-10.679,76.129,13.869
8.000,-8.000,55.646,0.100,-8.448,80.113,13.791,-8.560,79.926,13.413,-10.724,76.195,13.486,-10.947,75.891,13.873
8.100,-8.100,56.324,0.100,-8.715,79.926,13.792,-8.824,79.737,13.414,-10.939,75.977,13.487,-11.158,75.670,13.873
8.200,-8.200,56.324,0.100,-8.715,79.926,13.792,-8.824,79.737,13.414,-10.939,75.977,13.487,-11.158,75.670,13.873
8.300,-8.300,58.054,0.100,-9.121,79.586,13.790,-9.225,79.394,13.412,-11.245,75.578,13.486,-11.458,75.266,13.872
8.400,-8.400,58.426,0.100,-9.441,79.372,13.793,-9.543,79.179,13.414,-11.508,75.338,13.489,-11.717,75.023,13.875
8.500,-8.500,58.426,0.100,-9.441,79.372,13.793,-9.543,79.179,13.414,-11.508,75.338,13.489,-11.717,75.023,13.875
8.600,-8.600,60.086,0.100,-9.875,79.014,13.792,-9.971,78.818,13.413,-11.839,74.923,13.488,-12.040,74.603,13.875
8.700,-8.700,60.437,0.100,-10.197,78.791,13.795,-10.291,78.594,13.416,-12.103,74.677,13.492,-12.300,74.353,13.879
8.800,-8.800,60.437,0.100,-10.197,78.791,13.795,-10.291,78.594,13.416,-12.103,74.677,13.492,-12.300,74.353,13.879
8.900,-8.900,62.108,0.100,-10.614,78.424,13.794,-10.703,78.225,13.415,-12.415,74.258,13.491,-12.605,73.930,13.878
9.000,-9.000,62.475,0.100,-10.923,78.197,13.796,-11.009,77.997,13.418,-12.664,74.009,13.494,-12.850,73.679,13.881
9.100,-9.100,63.136,0.100,-11.174,77.991,13.797,-11.257,77.790,13.418,-12.858,73.779,13.494,-13.040,73.445,13.882
9.200,-9.200,63.136,0.100,-11.174,77.991,13.797,-11.257,77.790,13.418,-12.858,73.779,13.494,-13.040,73.445,13.882
9.300,-9.300,64.867,0.100,-11.546,77.623,13.794,-11.624,77.419,13.416,-13.125,73.365,13.493,-13.299,73.028,13.880
9.400,-9.400,65.230,0.100,-11.846,77.388,13.797,-11.921,77.184,13.418,-13.363,73.112,13.496,-13.534,72.772,13.883
9.500,-9.500,65.230,0.100,-11.846,77.388,13.797,-11.921,77.184,13.418,-13.363,73.112,13.496,-13.534,72.772,13.883
9.600,-9.600,66.890,0.100,-12.243,77.001,13.795,-12.313,76.794,13.417,-13.652,72.682,13.495,-13.815,72.338,13.883
9.700,-9.700,67.231,0.100,-12.544,76.758,13.798,-12.611,76.550,13.420,-13.891,72.424,13.498,-14.049,72.077,13.886
9.800,-9.800,67.872,0.100,-12.787,76.538,13.798,-12.851,76.329,13.420,-14.075,72.184,13.498,-14.228,71.835,13.886
9.900,-9.900,67.872,0.100,-12.787,76.538,13.798,-12.851,76.329,13.420,-14.075,72.184,13.498,-14.228,71.835,13.886
10.000,-10.000,69.603,0.100,-13.135,76.151,13.796,-13.194,75.941,13.418,-14.313,71.763,13.497,-14.459,71.410,13.885
10.100,-10.100,69.961,0.100,-13.417,75.905,13.798,-13.473,75.694,13.420,-14.534,71.503,13.499,-14.675,71.148,13.888
10.200,-10.200,69.961,0.100,-13.417,75.905,13.798,-13.473,75.694,13.420,-14.534,71.503,13.499,-14.675,71.148,13.888
10.300,-10.300,71.624,0.100,-13.787,75.499,13.796,-13.838,75.287,13.418,-14.792,71.065,13.498,-14.925,70.707,13.887
10.400,-10.400,71.960,0.100,-14.072,75.243,13.799,-14.119,75.030,13.420,-15.013,70.800,13.501,-15.141,70.439,13.890
10.500,-10.500,71.960,0.100,-14.072,75.243,13.799,-14.119,75.030,13.420,-15.013,70.800,13.501,-15.141,70.439,13.890
10.600,-10.600,73.627,0.100,-14.427,74.832,13.797,-14.469,74.618,13.418,-15.255,70.360,13.500,-15.375,69.996,13.889
10.700,-10.700,73.974,0.100,-14.698,74.573,13.799,-14.737,74.358,13.420,-15.462,70.094,13.503,-15.578,69.728,13.891
10.800,-10.800,73.974,0.100,-14.698,74.573,13.799,-14.737,74.358,13.420,-15.462,70.094,13.503,-15.578,69.728,13.891
10.900,-10.900,75.647,0.100,-15.038,74.155,13.797,-15.072,73.939,13.418,-15.688,69.653,13.501,-15.796,69.284,13.890
11.000,-11.000,75.993,0.100,-15.302,73.891,13.798,-15.333,73.675,13.420,-15.888,69.384,13.503,-15.991,69.014,13.892
11.100,-11.100,76.617,0.100,-15.518,73.651,13.798,-15.545,73.435,13.419,-16.041,69.135,13.503,-16.139,68.763,13.892
11.200,-11.200,76.617,0.100,-15.518,73.651,13.798,-15.545,73.435,13.419,-16.041,69.135,13.503,-16.139,68.763,13.892
11.300,-11.300,78.351,0.100,-15.818,73.237,13.795,-15.840,73.020,13.416,-16.228,68.705,13.501,-16.318,68.330,13.891
11.400,-11.400,78.694,0.100,-16.071,72.968,13.796,-16.089,72.751,13.418,-16.417,68.434,13.504,-16.502,68.058,13.893
11.500,-11.500,78.694,0.100,-16.071,72.968,13.796,-16.089,72.751,13.418,-16.417,68.434,13.504,-16.502,68.058,13.893
11.600,-11.600,80.356,0.100,-16.389,72.535,13.794,-16.402,72.317,13.416,-16.621,67.988,13.502,-16.696,67.610,13.892
11.700,-11.700,80.681,0.100,-16.642,72.258,13.796,-16.652,72.040,13.418,-16.809,67.713,13.505,-16.879,67.333,13.894
11.800,-11.800,81.286,0.100,-16.844,72.007,13.795,-16.851,71.789,13.417,-16.948,67.458,13.504,-17.013,67.077,13.894
11.900,-11.900,81.286,0.100,-16.844,72.007,13.795,-16.851,71.789,13.417,-16.948,67.458,13.504,-17.013,67.077,13.894
12.000,-12.000,83.024,0.100,-17.117,71.581,13.792,-17.118,71.362,13.414,-17.107,67.026,13.503,-17.164,66.644,13.892
12.100,-12.100,83.362,0.100,-17.351,71.303,13.793,-17.349,71.084,13.415,-17.277,66.752,13.504,-17.329,66.369,13.894
12.200,-12.200,83.362,0.100,-17.351,71.303,13.793,-17.349,71.084,13.415,-17.277,66.752,13.504,-17.329,66.369,13.894
12.300,-12.300,85.026,0.100,-17.640,70.857,13.791,-17.633,70.639,13.412,-17.450,66.305,13.503,-17.493,65.920,13.893
12.400,-12.400,85.346,0.100,-17.874,70.571,13.792,-17.864,70.353,13.414,-17.620,66.026,13.505,-17.658,65.640,13.895
12.500,-12.500,85.346,0.100,-17.874,70.571,13.792,-17.864,70.353,13.414,-17.620,66.026,13.505,-17.658,65.640,13.895
12.600,-12.600,87.006,0.100,-18.148,70.121,13.789,-18.132,69.903,13.411,-17.778,65.578,13.503,-17.807,65.191,13.894
12.700,-12.700,87.334,0.100,-18.371,69.833,13.790,-18.351,69.615,13.412,-17.936,65.300,13.505,-17.960,64.912,13.895
12.800,-12.800,87.334,0.100,-18.371,69.833,13.790,-18.351,69.615,13.412,-17.936,65.300,13.505,-17.960,64.912,13.895
12.900,-12.900,88.999,0.100,-18.630,69.380,13.787,-18.605,69.163,13.408,-18.080,64.853,13.503,-18.095,64.464,13.894
13.000,-13.000,89.326,0.100,-18.844,69.088,13.787,-18.816,68.871,13.409,-18.230,64.575,13.504,-18.239,64.186,13.895
13.100,-13.100,89.910,0.100,-19.016,68.822,13.786,-18.985,68.605,13.407,-18.338,64.315,13.503,-18.343,63.926,13.894
13.200,-13.200,89.910,0.100,-19.016,68.822,13.786,-18.985,68.605,13.407,-18.338,64.315,13.503,-18.343,63.926,13.894
13.300,-13.300,91.654,0.100,-19.237,68.379,13.782,-19.201,68.163,13.404,-18.447,63.887,13.501,-18.443,63.497,13.892
13.400,-13.400,91.978,0.100,-19.438,68.085,13.782,-19.399,67.870,13.404,-18.585,63.608,13.503,-18.576,63.218,13.894
13.500,-13.500,91.978,0.100,-19.438,68.085,13.782,-19.399,67.870,13.404,-18.585,63.608,13.503,-18.576,63.218,13.894
13.600,-13.600,93.644,0.100,-19.672,67.624,13.779,-19.627,67.410,13.401,-18.705,63.163,13.501,-18.686,62.773,13.892
13.700,-13.700,93.953,0.100,-19.871,67.323,13.780,-19.823,67.109,13.402,-18.841,62.882,13.503,-18.818,62.492,13.894
13.800,-13.800,93.953,0.100,-19.871,67.323,13.780,-19.823,67.109,13.402,-18.841,62.882,13.503,-18.818,62.492,13.894
13.900,-13.900,95.610,0.100,-20.091,66.858,13.776,-20.037,66.646,13.398,-18.947,62.437,13.500,-18.914,62.048,13.892
14.000,-14.000,95.927,0.100,-20.278,66.556,13.776,-20.221,66.344,13.398,-19.073,62.158,13.502,-19.035,61.768,13.893
14.100,-14.100,96.491,0.100,-20.427,66.280,13.774,-20.367,66.069,13.396,-19.158,61.896,13.500,-19.115,61.507,13.892
14.200,-14.200,96.491,0.100,-20.427,66.280,13.774,-20.367,66.069,13.396,-19.158,61.896,13.500,-19.115,61.507,13.892
14.300,-14.300,98.242,0.100,-20.607,65.830,13.769,-20.542,65.620,13.392,-19.229,61.475,13.498,-19.178,61.087,13.890
14.400,-14.400,98.557,0.100,-20.780,65.527,13.770,-20.712,65.319,13.392,-19.342,61.196,13.499,-19.285,60.808,13.891
14.500,-14.500,98.557,0.100,-20.780,65.527,13.770,-20.712,65.319,13.392,-19.342,61.196,13.499,-19.285,60.808,13.891
14.600,-14.600,100.225,0.100,-20.971,65.058,13.766,-20.898,64.852,13.388,-19.422,60.758,13.497,-19.356,60.372,13.889
14.700,-14.700,100.527,0.100,-21.143,64.749,13.766,-21.066,64.544,13.388,-19.534,60.478,13.498,-19.462,60.091,13.891
14.800,-14.800,100.527,0.100,-21.143,64.749,13.766,-21.066,64.544,13.388,-19.534,60.478,13.498,-19.462,60.091,13.891
14.900,-14.900,102.181,0.100,-21.319,64.278,13.762,-21.237,64.074,13.384,-19.600,60.040,13.495,-19.520,59.656,13.888
15.000,-15.000,102.491,0.100,-21.479,63.968,13.761,-21.395,63.766,13.383,-19.702,59.762,13.496,-19.616,59.378,13.889
15.100,-15.100,103.033,0.100,-21.604,63.685,13.758,-21.517,63.483,13.381,-19.766,59.501,13.494,-19.674,59.118,13.887
15.200,-15.200,103.033,0.100,-21.604,63.685,13.758,-21.517,63.483,13.381,-19.766,59.501,13.494,-19.674,59.118,13.887
15.300,-15.300,104.790,0.100,-21.744,63.231,13.753,-21.651,63.032,13.375,-19.802,59.091,13.492,-19.702,58.710,13.885
15.400,-15.400,105.095,0.100,-21.890,62.923,13.753,-21.794,62.725,13.375,-19.891,58.813,13.493,-19.785,58.433,13.886
15.500,-15.500,105.095,0.100,-21.890,62.923,13.753,-21.794,62.725,13.375,-19.891,58.813,13.493,-19.785,58.433,13.886
15.600,-15.600,106.766,0.100,-22.037,62.451,13.748,-21.936,62.255,13.371,-19.932,58.387,13.490,-19.819,58.009,13.884
15.700,-15.700,107.061,0.100,-22.180,62.137,13.747,-22.077,61.943,13.370,-20.020,58.109,13.491,-19.901,57.732,13.885
15.800,-15.800,107.061,0.100,-22.180,62.137,13.747,-22.077,61.943,13.370,-20.020,58.109,13.491,-19.901,57.732,13.885
15.900,-15.900,108.713,0.100,-22.314,61.663,13.743,-22.206,61.471,13.365,-20.049,57.683,13.488,-19.921,57.309,13.882
16.000,-16.000,109.016,0.100,-22.447,61.349,13.741,-22.335,61.159,13.364,-20.128,57.409,13.489,-19.995,57.036,13.883
16.100,-16.100,109.016,0.100,-22.447,61.349,13.741,-22.335,61.159,13.364,-20.128,57.409,13.489,-19.995,57.036,13.883
16.200,-16.200,110.663,0.100,-22.567,60.875,13.736,-22.451,60.688,13.359,-20.145,56.986,13.486,-20.003,56.617,13.880
16.300,-16.300,110.969,0.100,-22.691,60.560,13.734,-22.572,60.375,13.357,-20.217,56.714,13.486,-20.070,56.346,13.880
16.400,-16.400,110.969,0.100,-22.691,60.560,13.734,-22.572,60.375,13.357,-20.217,56.714,13.486,-20.070,56.346,13.880
16.500,-16.500,112.611,0.100,-22.799,60.087,13.730,-22.675,59.904,13.352,-20.223,56.295,13.483,-20.068,55.931,13.878
16.600,-16.600,112.918,0.100,-22.915,59.772,13.727,-22.788,59.591,13.350,-20.290,56.025,13.483,-20.129,55.662,13.878
16.700,-16.700,113.418,0.100,-23.000,59.481,13.724,-22.871,59.302,13.347,-20.318,55.767,13.480,-20.151,55.407,13.876
16.800,-16.800,113.418,0.100,-23.000,59.481,13.724,-22.871,59.302,13.347,-20.318,55.767,13.480,-20.151,55.407,13.876
16.900,-16.900,115.191,0.100,-23.076,59.031,13.718,-22.942,58.855,13.341,-20.304,55.382,13.478,-20.130,55.025,13.873
17.000,-17.000,115.476,0.100,-23.178,58.718,13.717,-23.041,58.544,13.340,-20.354,55.111,13.478,-20.175,54.756,13.874
17.100,-17.100,115.476,0.100,-23.178,58.718,13.717,-23.041,58.544,13.340,-20.354,55.111,13.478,-20.175,54.756,13.874
17.200,-17.200,117.157,0.100,-23.258,58.251,13.711,-23.117,58.080,13.334,-20.341,54.711,13.475,-20.154,54.360,13.871
17.300,-17.300,117.437,0.100,-23.356,57.934,13.709,-23.212,57.765,13.332,-20.392,54.441,13.476,-20.199,54.092,13.872
17.400,-17.400,117.939,0.100,-23.424,57.643,13.705,-23.278,57.477,13.329,-20.408,54.190,13.472,-20.210,53.845,13.869
17.500,-17.500,117.939,0.100,-23.424,57.643,13.705,-23.278,57.477,13.329,-20.408,54.190,13.472,-20.210,53.845,13.869
17.600,-17.600,119.705,0.100,-23.473,57.196,13.699,-23.323,57.033,13.323,-20.372,53.816,13.470,-20.168,53.474,13.867
17.700,-17.700,119.993,0.100,-23.555,56.885,13.697,-23.402,56.724,13.321,-20.408,53.551,13.470,-20.198,53.212,13.867
17.800,-17.800,119.993,0.100,-23.555,56.885,13.697,-23.402,56.724,13.321,-20.408,53.551,13.470,-20.198,53.212,13.867
17.900,-17.900,121.671,0.100,-23.606,56.423,13.691,-23.449,56.266,13.315,-20.372,53.163,13.467,-20.155,52.829,13.864
18.000,-18.000,121.952,0.100,-23.685,56.107,13.689,-23.525,55.952,13.312,-20.408,52.900,13.467,-20.186,52.568,13.864
18.100,-18.100,121.952,0.100,-23.685,56.107,13.689,-23.525,55.952,13.312,-20.408,52.900,13.467,-20.186,52.568,13.864
18.200,-18.200,123.598,0.100,-23.723,55.644,13.683,-23.560,55.494,13.307,-20.361,52.513,13.464,-20.131,52.187,13.861
18.300,-18.300,123.891,0.100,-23.793,55.331,13.679,-23.627,55.182,13.303,-20.391,52.255,13.463,-20.156,51.931,13.861
18.400,-18.400,123.891,0.100,-23.793,55.331,13.679,-23.627,55.182,13.303,-20.391,52.255,13.463,-20.156,51.931,13.861
18.500,-18.500,125.523,0.100,-23.819,54.870,13.674,-23.649,54.726,13.298,-20.332,51.872,13.460,-20.090,51.554,13.858
18.600,-18.600,125.825,0.100,-23.880,54.558,13.669,-23.708,54.416,13.293,-20.359,51.619,13.459,-20.112,51.303,13.857
18.700,-18.700,126.273,0.100,-23.915,54.267,13.666,-23.741,54.128,13.290,-20.344,51.373,13.456,-20.092,51.063,13.855
18.800,-18.800,126.273,0.100,-23.915,54.267,13.666,-23.741,54.128,13.290,-20.344,51.373,13.456,-20.092,51.063,13.855
18.900,-18.900,128.071,0.100,-23.916,53.835,13.658,-23.738,53.700,13.282,-20.279,51.030,13.453,-20.020,50.723,13.852
19.000,-19.000,128.325,0.100,-23.963,53.526,13.656,-23.783,53.394,13.281,-20.284,50.773,13.453,-20.021,50.471,13.852
19.100,-19.100,128.325,0.100,-23.963,53.526,13.656,-23.783,53.394,13.281,-20.284,50.773,13.453,-20.021,50.471,13.852
19.200,-19.200,130.026,0.100,-23.963,53.080,13.648,-23.780,52.952,13.273,-20.215,50.417,13.449,-19.945,50.120,13.848
19.300,-19.300,130.282,0.100,-24.006,52.769,13.646,-23.821,52.643,13.271,-20.222,50.163,13.450,-19.948,49.870,13.849
19.400,-19.400,130.759,0.100,-24.025,52.484,13.640,-23.838,52.361,13.265,-20.201,49.931,13.445,-19.922,49.642,13.845
19.500,-19.500,130.759,0.100,-24.025,52.484,13.640,-23.838,52.361,13.265,-20.201,49.931,13.445,-19.922,49.642,13.845
19.600,-19.600,132.529,0.100,-24.001,52.060,13.633,-23.811,51.941,13.258,-20.115,49.598,13.444,-19.830,49.315,13.844
19.700,-19.700,132.808,0.100,-24.030,51.757,13.630,-23.838,51.642,13.255,-20.111,49.354,13.442,-19.822,49.074,13.842
19.800,-19.800,132.808,0.100,-24.030,51.757,13.630,-23.838,51.642,13.255,-20.111,49.354,13.442,-19.822,49.074,13.842
19.900,-19.900,134.486,0.100,-24.004,51.321,13.623,-23.809,51.210,13.248,-20.020,49.010,13.440,-19.725,48.738,13.840
20.000,-20.000,134.762,0.100,-24.029,51.016,13.619,-23.832,50.907,13.244,-20.018,48.768,13.438,-19.719,48.499,13.839
20.100,-20.100,135.206,0.100,-24.031,50.733,13.614,-23.832,50.628,13.240,-19.981,48.541,13.435,-19.678,48.278,13.836
20.200,-20.200,135.206,0.100,-24.031,50.733,13.614,-23.832,50.628,13.240,-19.981,48.541,13.435,-19.678,48.278,13.836
20.300,-20.300,137.000,0.100,-23.984,50.322,13.606,-23.782,50.221,13.231,-19.884,48.227,13.432,-19.575,47.969,13.834
20.400,-20.400,137.254,0.100,-23.994,50.024,13.603,-23.791,49.926,13.229,-19.864,47.989,13.432,-19.551,47.735,13.834
20.500,-20.500,137.254,0.100,-23.994,50.024,13.603,-23.791,49.926,13.229,-19.864,47.989,13.432,-19.551,47.735,13.834
20.600,-20.600,138.954,0.100,-23.944,49.600,13.595,-23.738,49.508,13.221,-19.761,47.665,13.428,-19.443,47.419,13.830
20.700,-20.700,139.208,0.100,-23.951,49.300,13.591,-23.743,49.211,13.217,-19.744,47.429,13.428,-19.422,47.187,13.830
20.800,-20.800,139.208,0.100,-23.951,49.300,13.591,-23.743,49.211,13.217,-19.744,47.429,13.428,-19.422,47.187,13.830
20.900,-20.900,140.863,0.100,-23.889,48.878,13.583,-23.679,48.793,13.210,-19.629,47.107,13.424,-19.301,46.873,13.827
21.000,-21.000,141.136,0.100,-23.888,48.581,13.578,-23.677,48.500,13.205,-19.612,46.878,13.423,-19.280,46.647,13.826
21.100,-21.100,141.550,0.100,-23.866,48.306,13.573,-23.653,48.228,13.200,-19.555,46.662,13.419,-19.221,46.438,13.822
21.200,-21.200,141.550,0.100,-23.866,48.306,13.573,-23.653,48.228,13.200,-19.555,46.662,13.419,-19.221,46.438,13.822
21.300,-21.300,143.359,0.100,-23.788,47.914,13.564,-23.573,47.840,13.191,-19.443,46.374,13.416,-19.103,46.155,13.820
21.400,-21.400,143.592,0.100,-23.773,47.624,13.561,-23.557,47.554,13.188,-19.404,46.147,13.416,-19.061,45.934,13.820
21.500,-21.500,143.592,0.100,-23.773,47.624,13.561,-23.557,47.554,13.188,-19.404,46.147,13.416,-19.061,45.934,13.820
21.600,-21.600,145.311,0.100,-23.690,47.222,13.551,-23.472,47.157,13.179,-19.285,45.851,13.411,-18.937,45.645,13.816
21.700,-21.700,145.542,0.100,-23.672,46.932,13.548,-23.453,46.870,13.175,-19.248,45.627,13.412,-18.897,45.427,13.816
21.800,-21.800,145.542,0.100,-23.672,46.932,13.548,-23.453,46.870,13.175,-19.248,45.627,13.412,-18.897,45.427,13.816
21.800,-21.800,147.215,0.100,-23.578,46.531,13.539,-23.357,46.475,13.166,-19.117,45.333,13.407,-18.762,45.141,13.812
21.800,-21.800,146.239,0.100,-23.613,46.378,13.536,-23.391,46.323,13.163,-19.157,45.206,13.405,-18.800,45.016,13.811
21.800,-21.800,146.239,0.100,-23.613,46.378,13.536,-23.391,46.323,13.163,-19.157,45.206,13.405,-18.800,45.016,13.811
21.800,-21.800,145.730,0.100,-23.613,46.288,13.530,-23.391,46.234,13.157,-19.144,45.132,13.398,-18.787,44.945,13.803
21.800,-21.800,145.534,0.100,-23.611,46.246,13.524,-23.389,46.193,13.151,-19.150,45.101,13.395,-18.792,44.913,13.800
21.800,-21.800,145.342,0.100,-23.604,46.219,13.521,-23.382,46.166,13.149,-19.133,45.077,13.391,-18.775,44.891,13.797
21.800,-21.800,145.342,0.100,-23.604,46.219,13.521,-23.382,46.166,13.149,-19.133,45.077,13.391,-18.775,44.891,13.797
21.800,-21.800,145.316,0.100,-23.604,46.208,13.517,-23.382,46.155,13.144,-19.142,45.071,13.388,-18.784,44.884,13.794
21.800,-21.800,145.219,0.100,-23.602,46.198,13.517,-23.379,46.145,13.145,-19.129,45.060,13.388,-18.772,44.874,13.794
21.800,-21.800,145.219,0.100,-23.602,46.198,13.517,-23.379,46.145,13.145,-19.129,45.060,13.388,-18.772,44.874,13.794
21.800,-21.800,145.247,0.100,-23.604,46.196,13.513,-23.381,46.143,13.141,-19.141,45.061,13.385,-18.783,44.874,13.791
21.800,-21.800,145.177,0.100,-23.602,46.190,13.516,-23.379,46.138,13.143,-19.129,45.054,13.387,-18.771,44.868,13.793
21.800,-21.800,145.226,0.100,-23.604,46.192,13.512,-23.382,46.139,13.140,-19.142,45.058,13.384,-18.784,44.871,13.790
21.800,-21.800,145.226,0.100,-23.604,46.192,13.512,-23.382,46.139,13.140,-19.142,45.058,13.384,-18.784,44.871,13.790
21.800,-21.800,145.163,0.100,-23.602,46.188,13.515,-23.379,46.135,13.143,-19.129,45.052,13.387,-18.771,44.866,13.793
21.800,-21.800,145.221,0.100,-23.604,46.190,13.511,-23.382,46.137,13.139,-19.142,45.057,13.383,-18.784,44.870,13.789
21.800,-21.800,145.221,0.100,-23.604,46.190,13.511,-23.382,46.137,13.139,-19.142,45.057,13.383,-18.784,44.870,13.789
21.800,-21.800,145.157,0.100,-23.602,46.187,13.515,-23.379,46.134,13.143,-19.128,45.051,13.387,-18.771,44.866,13.793
21.800,-21.800,145.220,0.100,-23.604,46.190,13.511,-23.382,46.137,13.139,-19.142,45.056,13.383,-18.784,44.869,13.789
21.800,-21.800,145.154,0.100,-23.602,46.187,13.515,-23.379,46.134,13.143,-19.128,45.051,13.387,-18.770,44.866,13.793
21.800,-21.800,145.154,0.100,-23.602,46.187,13.515,-23.379,46.134,13.143,-19.128,45.051,13.387,-18.770,44.866,13.793
21.800,-21.800,145.221,0.100,-23.604,46.190,13.510,-23.382,46.137,13.138,-19.143,45.056,13.382,-18.784,44.869,13.788
21.800,-21.800,145.152,0.100,-23.602,46.187,13.515,-23.379,46.134,13.143,-19.128,45.050,13.388,-18.770,44.866,13.793
21.700,-21.700,145.227,0.100,-23.604,46.190,13.510,-23.382,46.137,13.138,-19.144,45.057,13.381,-18.786,44.869,13.787
21.600,-21.600,144.602,0.100,-23.646,46.421,13.515,-23.425,46.365,13.142,-19.200,45.229,13.383,-18.845,45.037,13.789
21.500,-21.500,144.602,0.100,-23.646,46.421,13.515,-23.425,46.365,13.142,-19.200,45.229,13.383,-18.845,45.037,13.789
21.400,-21.400,142.096,0.100,-23.765,46.685,13.523,-23.544,46.625,13.151,-19.339,45.405,13.388,-18.986,45.210,13.793
21.300,-21.300,141.583,0.100,-23.790,46.916,13.518,-23.571,46.854,13.145,-19.386,45.584,13.378,-19.036,45.383,13.783
21.200,-21.200,140.916,0.100,-23.819,47.151,13.524,-23.601,47.085,13.151,-19.429,45.758,13.384,-19.082,45.554,13.789
21.100,-21.100,140.916,0.100,-23.819,47.151,13.524,-23.601,47.085,13.151,-19.429,45.758,13.384,-19.082,45.554,13.789
21.000,-21.000,139.108,0.100,-23.909,47.526,13.524,-23.692,47.455,13.151,-19.561,46.034,13.377,-19.218,45.823,13.782
20.900,-20.900,138.791,0.100,-23.921,47.813,13.530,-23.705,47.739,13.157,-19.586,46.257,13.383,-19.247,46.041,13.787
20.800,-20.800,138.791,0.100,-23.921,47.813,13.530,-23.705,47.739,13.157,-19.586,46.257,13.383,-19.247,46.041,13.787
20.700,-20.700,137.140,0.100,-24.000,48.222,13.533,-23.786,48.144,13.160,-19.716,46.564,13.379,-19.382,46.340,13.784
20.600,-20.600,136.878,0.100,-24.002,48.526,13.540,-23.790,48.445,13.167,-19.732,46.800,13.385,-19.402,46.573,13.788
20.500,-20.500,136.878,0.100,-24.002,48.526,13.540,-23.790,48.445,13.167,-19.732,46.800,13.385,-19.402,46.573,13.788
20.400,-20.400,135.284,0.100,-24.071,48.950,13.544,-23.862,48.863,13.171,-19.860,47.125,13.384,-19.535,46.888,13.787
20.300,-20.300,135.030,0.100,-24.065,49.261,13.552,-23.857,49.171,13.178,-19.869,47.366,13.389,-19.548,47.126,13.792
20.200,-20.200,134.653,0.100,-24.076,49.546,13.555,-23.870,49.453,13.181,-19.921,47.595,13.390,-19.604,47.348,13.793
20.100,-20.100,134.653,0.100,-24.076,49.546,13.555,-23.870,49.453,13.181,-19.921,47.595,13.390,-19.604,47.348,13.793
20.000,-20.000,132.866,0.100,-24.134,49.957,13.566,-23.931,49.858,13.192,-20.020,47.903,13.395,-19.708,47.652,13.797
19.900,-19.900,132.690,0.100,-24.123,50.269,13.568,-23.921,50.168,13.194,-20.046,48.157,13.395,-19.738,47.900,13.797
19.800,-19.800,132.690,0.100,-24.123,50.269,13.568,-23.921,50.168,13.194,-20.046,48.157,13.395,-19.738,47.900,13.797
19.700,-19.700,130.995,0.100,-24.165,50.701,13.578,-23.966,50.595,13.204,-20.140,48.487,13.400,-19.837,48.225,13.802
19.600,-19.600,130.818,0.100,-24.141,51.021,13.580,-23.944,50.912,13.206,-20.151,48.748,13.399,-19.853,48.480,13.801
19.500,-19.500,130.350,0.100,-24.133,51.307,13.588,-23.937,51.195,13.213,-20.176,48.976,13.406,-19.882,48.704,13.807
19.400,-19.400,130.350,0.100,-24.133,51.307,13.588,-23.937,51.195,13.213,-20.176,48.976,13.406,-19.882,48.704,13.807
19.300,-19.300,128.634,0.100,-24.169,51.733,13.594,-23.977,51.617,13.219,-20.274,49.309,13.406,-19.986,49.031,13.807
19.200,-19.200,128.390,0.100,-24.137,52.048,13.599,-23.947,51.928,13.224,-20.275,49.564,13.409,-19.991,49.281,13.810
19.100,-19.100,128.390,0.100,-24.137,52.048,13.599,-23.947,51.928,13.224,-20.275,49.564,13.409,-19.991,49.281,13.810
19.000,-19.000,126.750,0.100,-24.154,52.494,13.605,-23.967,52.370,13.231,-20.362,49.919,13.412,-20.084,49.630,13.812
18.900,-18.900,126.521,0.100,-24.110,52.817,13.610,-23.925,52.690,13.235,-20.350,50.181,13.413,-20.078,49.889,13.813
18.800,-18.800,126.521,0.100,-24.110,52.817,13.610,-23.925,52.690,13.235,-20.350,50.181,13.413,-20.078,49.889,13.813
18.700,-18.700,124.908,0.100,-24.116,53.271,13.616,-23.934,53.140,13.241,-20.431,50.548,13.417,-20.165,50.249,13.816
18.600,-18.600,124.673,0.100,-24.063,53.596,13.621,-23.884,53.462,13.246,-20.413,50.812,13.418,-20.152,50.510,13.818
18.500,-18.500,124.673,0.100,-24.063,53.596,13.621,-23.884,53.462,13.246,-20.413,50.812,13.418,-20.152,50.510,13.818
18.400,-18.400,123.069,0.100,-24.057,54.055,13.628,-23.882,53.917,13.252,-20.488,51.188,13.422,-20.233,50.879,13.821
18.300,-18.300,122.828,0.100,-23.996,54.380,13.632,-23.823,54.240,13.257,-20.462,51.454,13.423,-20.213,51.143,13.822
18.200,-18.200,122.390,0.100,-23.956,54.676,13.637,-23.785,54.533,13.262,-20.472,51.704,13.427,-20.228,51.388,13.826
18.100,-18.100,122.390,0.100,-23.956,54.676,13.637,-23.785,54.533,13.262,-20.472,51.704,13.427,-20.228,51.388,13.826
18.000,-18.000,120.638,0.100,-23.945,55.118,13.645,-23.777,54.971,13.270,-20.532,52.060,13.430,-20.294,51.740,13.828
17.900,-17.900,120.418,0.100,-23.877,55.441,13.648,-23.712,55.291,13.272,-20.511,52.334,13.431,-20.278,52.010,13.829
17.800,-17.800,120.418,0.100,-23.877,55.441,13.648,-23.712,55.291,13.272,-20.511,52.334,13.431,-20.278,52.010,13.829
17.700,-17.700,118.752,0.100,-23.842,55.903,13.655,-23.681,55.749,13.279,-20.557,52.714,13.435,-20.331,52.386,13.832
17.600,-17.600,118.536,0.100,-23.760,56.232,13.657,-23.602,56.075,13.281,-20.521,52.993,13.435,-20.301,52.661,13.833
17.500,-17.500,118.536,0.100,-23.760,56.232,13.657,-23.602,56.075,13.281,-20.521,52.993,13.435,-20.301,52.661,13.833
17.400,-17.400,116.901,0.100,-23.714,56.700,13.664,-23.559,56.540,13.288,-20.561,53.385,13.439,-20.348,53.048,13.836
17.300,-17.300,116.672,0.100,-23.624,57.029,13.667,-23.472,56.867,13.291,-20.518,53.663,13.439,-20.310,53.324,13.836
17.200,-17.200,116.672,0.100,-23.624,57.029,13.667,-23.472,56.867,13.291,-20.518,53.663,13.439,-20.310,53.324,13.836
17.100,-17.100,115.047,0.100,-23.565,57.501,13.673,-23.418,57.335,13.297,-20.550,54.064,13.443,-20.350,53.719,13.840
17.000,-17.000,114.809,0.100,-23.467,57.829,13.676,-23.322,57.661,13.300,-20.499,54.343,13.444,-20.305,53.997,13.840
16.900,-16.900,114.809,0.100,-23.467,57.829,13.676,-23.322,57.661,13.300,-20.499,54.343,13.444,-20.305,53.997,13.840
16.800,-16.800,113.188,0.100,-23.395,58.303,13.683,-23.255,58.132,13.306,-20.522,54.750,13.448,-20.336,54.399,13.844
16.700,-16.700,112.944,0.100,-23.288,58.631,13.686,-23.150,58.458,13.309,-20.463,55.030,13.448,-20.283,54.677,13.844
16.600,-16.600,112.461,0.100,-23.206,58.927,13.690,-23.072,58.751,13.313,-20.438,55.290,13.452,-20.262,54.934,13.848
16.500,-16.500,112.461,0.100,-23.206,58.927,13.690,-23.072,58.751,13.313,-20.438,55.290,13.452,-20.262,54.934,13.848
16.400,-16.400,110.725,0.100,-23.133,59.383,13.697,-23.003,59.204,13.320,-20.455,55.679,13.454,-20.286,55.320,13.850
16.300,-16.300,110.479,0.100,-23.019,59.706,13.699,-22.891,59.525,13.322,-20.395,55.962,13.455,-20.232,55.601,13.851
16.200,-16.200,110.479,0.100,-23.019,59.706,13.699,-22.891,59.525,13.322,-20.395,55.962,13.455,-20.232,55.601,13.851
16.100,-16.100,108.823,0.100,-22.917,60.180,13.704,-22.794,59.996,13.327,-20.390,56.375,13.458,-20.236,56.010,13.853
16.000,-16.000,108.587,0.100,-22.788,60.507,13.706,-22.668,60.322,13.329,-20.316,56.663,13.458,-20.167,56.296,13.853
15.900,-15.900,108.587,0.100,-22.788,60.507,13.706,-22.668,60.322,13.329,-20.316,56.663,13.458,-20.167,56.296,13.853
15.800,-15.800,106.952,0.100,-22.673,60.985,13.711,-22.558,60.797,13.334,-20.302,57.084,13.461,-20.162,56.714,13.856
15.700,-15.700,106.705,0.100,-22.536,61.311,13.713,-22.424,61.121,13.336,-20.221,57.371,13.461,-20.086,57.000,13.856
15.600,-15.600,106.705,0.100,-22.536,61.311,13.713,-22.424,61.121,13.336,-20.221,57.371,13.461,-20.086,57.000,13.856
15.500,-15.500,105.074,0.100,-22.410,61.789,13.719,-22.303,61.596,13.342,-20.199,57.798,13.465,-20.072,57.423,13.859
15.400,-15.400,104.820,0.100,-22.265,62.113,13.721,-22.161,61.919,13.343,-20.110,58.085,13.465,-19.989,57.710,13.859
15.300,-15.300,104.820,0.100,-22.265,62.113,13.721,-22.161,61.919,13.343,-20.110,58.085,13.465,-19.989,57.710,13.859
15.200,-15.200,103.189,0.100,-22.125,62.591,13.726,-22.026,62.394,13.349,-20.076,58.516,13.468,-19.965,58.138,13.862
15.100,-15.100,102.933,0.100,-21.971,62.914,13.728,-21.875,62.715,13.350,-19.980,58.804,13.468,-19.874,58.425,13.862
15.000,-15.000,102.933,0.100,-21.971,62.914,13.728,-21.875,62.715,13.350,-19.980,58.804,13.468,-19.874,58.425,13.862
14.900,-14.900,101.301,0.100,-21.818,63.391,13.733,-21.727,63.191,13.355,-19.935,59.239,13.472,-19.838,58.857,13.865
14.800,-14.800,101.041,0.100,-21.655,63.712,13.734,-21.567,63.510,13.357,-19.832,59.527,13.471,-19.740,59.145,13.864
14.700,-14.700,101.041,0.100,-21.655,63.712,13.734,-21.567,63.510,13.357,-19.832,59.527,13.471,-19.740,59.145,13.864
14.600,-14.600,99.407,0.100,-21.490,64.189,13.739,-21.407,63.985,13.362,-19.775,59.965,13.475,-19.693,59.581,13.868
14.500,-14.500,99.144,0.100,-21.318,64.507,13.740,-21.239,64.302,13.363,-19.664,60.255,13.474,-19.587,59.870,13.867
14.400,-14.400,98.610,0.100,-21.181,64.792,13.744,-21.105,64.586,13.366,-19.589,60.520,13.477,-19.517,60.134,13.870
14.300,-14.300,98.610,0.100,-21.181,64.792,13.744,-21.105,64.586,13.366,-19.589,60.520,13.477,-19.517,60.134,13.870
14.200,-14.200,96.884,0.100,-21.018,65.249,13.749,-20.947,65.042,13.371,-19.533,60.940,13.479,-19.470,60.553,13.872
14.100,-14.100,96.611,0.100,-20.840,65.561,13.749,-20.772,65.352,13.372,-19.417,61.229,13.479,-19.359,60.842,13.871
14.000,-14.000,96.611,0.100,-20.840,65.561,13.749,-20.772,65.352,13.372,-19.417,61.229,13.479,-19.359,60.842,13.871
13.900,-13.900,94.960,0.100,-20.642,66.033,13.754,-20.580,65.822,13.376,-19.331,61.671,13.481,-19.282,61.282,13.873
13.800,-13.800,94.701,0.100,-20.448,66.346,13.753,-20.388,66.135,13.376,-19.200,61.962,13.480,-19.157,61.574,13.872
13.700,-13.700,94.701,0.100,-20.448,66.346,13.753,-20.388,66.135,13.376,-19.200,61.962,13.480,-19.157,61.574,13.872
13.600,-13.600,93.060,0.100,-20.238,66.817,13.758,-20.184,66.605,13.380,-19.103,62.408,13.483,-19.069,62.018,13.875
13.500,-13.500,92.790,0.100,-20.038,67.127,13.758,-19.987,66.913,13.380,-18.967,62.698,13.482,-18.938,62.308,13.874
13.400,-13.400,92.790,0.100,-20.038,67.127,13.758,-19.987,66.913,13.380,-18.967,62.698,13.482,-18.938,62.308,13.874
13.300,-13.300,91.145,0.100,-19.816,67.594,13.762,-19.771,67.380,13.384,-18.860,63.145,13.485,-18.840,62.755,13.876
13.200,-13.200,90.870,0.100,-19.608,67.900,13.762,-19.566,67.685,13.384,-18.716,63.434,13.484,-18.702,63.044,13.875
13.100,-13.100,90.305,0.100,-19.440,68.173,13.765,-19.401,67.958,13.387,-18.611,63.697,13.486,-18.602,63.307,13.877
13.000,-13.000,90.305,0.100,-19.440,68.173,13.765,-19.401,67.958,13.387,-18.611,63.697,13.486,-18.602,63.307,13.877
12.900,-12.900,88.585,0.100,-19.223,68.622,13.770,-19.190,68.405,13.391,-18.507,64.128,13.488,-18.507,63.738,13.879
12.800,-12.800,88.297,0.100,-19.008,68.920,13.769,-18.978,68.703,13.391,-18.357,64.415,13.487,-18.362,64.026,13.878
12.700,-12.700,88.297,0.100,-19.008,68.920,13.769,-18.978,68.703,13.391,-18.357,64.415,13.487,-18.362,64.026,13.878
12.600,-12.600,86.647,0.100,-18.754,69.380,13.773,-18.729,69.162,13.395,-18.218,64.864,13.489,-18.232,64.475,13.880
12.500,-12.500,86.374,0.100,-18.523,69.679,13.772,-18.502,69.461,13.393,-18.052,65.152,13.487,-18.072,64.765,13.878
12.400,-12.400,85.797,0.100,-18.337,69.944,13.773,-18.319,69.726,13.395,-17.930,65.414,13.489,-17.955,65.026,13.880
12.300,-12.300,85.797,0.100,-18.337,69.944,13.773,-18.319,69.726,13.395,-17.930,65.414,13.489,-17.955,65.026,13.880
12.200,-12.200,84.079,0.100,-18.092,70.385,13.778,-18.079,70.166,13.399,-17.799,65.848,13.491,-17.832,65.461,13.881
12.100,-12.100,83.782,0.100,-17.859,70.674,13.777,-17.849,70.455,13.399,-17.630,66.131,13.490,-17.669,65.746,13.880
12.000,-12.000,83.782,0.100,-17.859,70.674,13.777,-17.849,70.455,13.399,-17.630,66.131,13.490,-17.669,65.746,13.880
11.900,-11.900,82.131,0.100,-17.574,71.124,13.780,-17.570,70.906,13.402,-17.463,66.581,13.492,-17.510,66.197,13.882
11.800,-11.800,81.850,0.100,-17.324,71.413,13.779,-17.324,71.194,13.400,-17.278,66.866,13.490,-17.331,66.483,13.880
11.700,-11.700,81.850,0.100,-17.324,71.413,13.779,-17.324,71.194,13.400,-17.278,66.866,13.490,-17.331,66.483,13.880
11.600,-11.600,80.201,0.100,-17.029,71.859,13.782,-17.034,71.640,13.403,-17.099,67.316,13.492,-17.161,66.935,13.882
11.500,-11.500,79.907,0.100,-16.775,72.142,13.781,-16.783,71.923,13.402,-16.911,67.598,13.490,-16.978,67.218,13.880
11.400,-11.400,79.907,0.100,-16.775,72.142,13.781,-16.783,71.923,13.402,-16.911,67.598,13.490,-16.978,67.218,13.880
11.300,-11.300,78.252,0.100,-16.470,72.581,13.784,-16.483,72.363,13.406,-16.722,68.046,13.492,-16.797,67.668,13.882
11.200,-11.200,77.952,0.100,-16.209,72.859,13.783,-16.226,72.641,13.404,-16.526,68.326,13.490,-16.607,67.949,13.880
11.100,-11.100,77.346,0.100,-15.996,73.106,13.784,-16.016,72.888,13.406,-16.377,68.579,13.491,-16.462,68.204,13.881
11.000,-11.000,77.346,0.100,-15.996,73.106,13.784,-16.016,72.888,13.406,-16.377,68.579,13.491,-16.462,68.204,13.881
10.900,-10.900,75.630,0.100,-15.699,73.526,13.788,-15.725,73.309,13.409,-16.194,69.012,13.493,-16.288,68.639,13.883
10.800,-10.800,75.319,0.100,-15.432,73.795,13.786,-15.461,73.578,13.408,-15.991,69.287,13.492,-16.090,68.916,13.881
10.700,-10.700,75.319,0.100,-15.432,73.795,13.786,-15.461,73.578,13.408,-15.991,69.287,13.492,-16.090,68.916,13.881
10.600,-10.600,73.669,0.100,-15.093,74.222,13.788,-15.127,74.006,13.410,-15.767,69.734,13.493,-15.874,69.365,13.882
10.500,-10.500,73.374,0.100,-14.810,74.489,13.786,-14.847,74.274,13.408,-15.548,70.009,13.490,-15.660,69.642,13.879
10.400,-10.400,73.374,0.100,-14.810,74.489,13.786,-14.847,74.274,13.408,-15.548,70.009,13.490,-15.660,69.642,13.879
10.300,-10.300,71.720,0.100,-14.461,74.909,13.789,-14.504,74.695,13.410,-15.314,70.453,13.492,-15.435,70.088,13.881
10.200,-10.200,71.408,0.100,-14.176,75.169,13.787,-14.222,74.955,13.409,-15.093,70.723,13.490,-15.219,70.361,13.878
10.100,-10.100,70.780,0.100,-13.944,75.399,13.788,-13.993,75.187,13.409,-14.922,70.968,13.490,-15.052,70.608,13.879
10.000,-10.000,70.780,0.100,-13.944,75.399,13.788,-13.993,75.187,13.409,-14.922,70.968,13.490,-15.052,70.608,13.879
9.900,-9.900,69.064,0.100,-13.610,75.799,13.791,-13.664,75.587,13.412,-14.699,71.396,13.492,-14.837,71.039,13.880
9.800,-9.800,68.741,0.100,-13.319,76.049,13.789,-13.376,75.839,13.411,-14.471,71.661,13.490,-14.614,71.307,13.878
9.700,-9.700,68.741,0.100,-13.319,76.049,13.789,-13.376,75.839,13.411,-14.471,71.661,13.490,-14.614,71.307,13.878
9.600,-9.600,67.090,0.100,-12.940,76.453,13.791,-13.002,76.244,13.412,-14.203,72.099,13.491,-14.355,71.748,13.879
9.500,-9.500,66.783,0.100,-12.633,76.701,13.788,-12.698,76.493,13.410,-13.959,72.363,13.488,-14.114,72.015,13.876
9.400,-9.400,66.783,0.100,-12.633,76.701,13.788,-12.698,76.493,13.410,-13.959,72.363,13.488,-14.114,72.015,13.876
9.300,-9.300,65.125,0.100,-12.246,77.096,13.790,-12.317,76.890,13.412,-13.683,72.797,13.489,-13.846,72.453,13.877
9.200,-9.200,64.799,0.100,-11.939,77.336,13.788,-12.013,77.130,13.409,-13.437,73.056,13.487,-13.605,72.714,13.875
9.100,-9.100,64.153,0.100,-11.688,77.549,13.788,-11.765,77.345,13.410,-13.245,73.291,13.487,-13.417,72.952,13.875
9.000,-9.000,64.153,0.100,-11.688,77.549,13.788,-11.765,77.345,13.410,-13.245,73.291,13.487,-13.417,72.952,13.875
8.900,-8.900,62.437,0.100,-11.318,77.923,13.791,-11.400,77.721,13.412,-12.981,73.708,13.489,-13.161,73.373,13.876
8.800,-8.800,62.102,0.100,-11.005,78.154,13.789,-11.090,77.953,13.410,-12.728,73.962,13.486,-12.912,73.630,13.874
8.700,-8.700,62.102,0.100,-11.005,78.154,13.789,-11.090,77.953,13.410,-12.728,73.962,13.486,-12.912,73.630,13.874
8.600,-8.600,60.450,0.100,-10.588,78.530,13.790,-10.678,78.331,13.411,-12.418,74.386,13.487,-12.610,74.059,13.874
8.500,-8.500,60.131,0.100,-10.259,78.756,13.787,-10.352,78.559,13.409,-12.148,74.638,13.484,-12.344,74.313,13.871
8.400,-8.400,59.481,0.100,-9.994,78.957,13.787,-10.089,78.761,13.408,-11.938,74.866,13.483,-12.138,74.544,13.870
8.300,-8.300,59.481,0.100,-9.994,78.957,13.787,-10.089,78.761,13.408,-11.938,74.866,13.483,-12.138,74.544,13.870
8.200,-8.200,57.766,0.100,-9.599,79.312,13.789,-9.700,79.118,13.410,-11.647,75.273,13.485,-11.854,74.956,13.871
8.100,-8.100,57.419,0.100,-9.273,79.527,13.786,-9.376,79.335,13.408,-11.378,75.516,13.482,-11.589,75.202,13.869
8.000,-8.000,57.419,0.100,-9.273,79.527,13.786,-9.376,79.335,13.408,-11.378,75.516,13.482,-11.589,75.202,13.869
7.900,-7.900,55.764,0.100,-8.833,79.881,13.788,-8.941,79.692,13.409,-11.040,75.929,13.483,-11.258,75.620,13.869
7.800,-7.800,55.435,0.100,-8.490,80.091,13.784,-8.601,79.903,13.406,-10.753,76.169,13.479,-10.975,75.864,13.866
7.700,-7.700,55.435,0.100,-8.490,80.091,13.784,-8.601,79.903,13.406,-10.753,76.169,13.479,-10.975,75.864,13.866
7.600,-7.600,53.769,0.100,-8.045,80.435,13.785,-8.161,80.250,13.407,-10.407,76.575,13.480,-10.636,76.275,13.866
7.500,-7.500,53.419,0.100,-7.704,80.636,13.783,-7.823,80.453,13.404,-10.122,76.808,13.477,-10.354,76.512,13.863
7.400,-7.400,53.419,0.100,-7.704,80.636,13.783,-7.823,80.453,13.404,-10.122,76.808,13.477,-10.354,76.512,13.863
7.300,-7.300,51.742,0.100,-7.253,80.969,13.784,-7.377,80.789,13.405,-9.768,77.207,13.478,-10.007,76.916,13.864
7.200,-7.200,51.386,0.100,-6.908,81.163,13.781,-7.034,80.984,13.402,-9.476,77.435,13.475,-9.718,77.148,13.861
7.100,-7.100,50.708,0.100,-6.625,81.336,13.780,-6.753,81.159,13.402,-9.243,77.645,13.474,-9.489,77.361,13.860
7.000,-7.000,50.708,0.100,-6.625,81.336,13.780,-6.753,81.159,13.402,-9.243,77.645,13.474,-9.489,77.361,13.860
6.900,-6.900,48.993,0.100,-6.190,81.650,13.782,-6.322,81.477,13.404,-8.900,78.028,13.475,-9.152,77.750,13.861
6.800,-6.800,48.633,0.100,-5.838,81.834,13.779,-5.973,81.662,13.401,-8.599,78.250,13.472,-8.855,77.976,13.858
6.700,-6.700,48.633,0.100,-5.838,81.834,13.779,-5.973,81.662,13.401,-8.599,78.250,13.472,-8.855,77.976,13.858
6.600,-6.600,46.978,0.100,-5.356,82.144,13.780,-5.495,81.976,13.401,-8.208,78.635,13.472,-8.470,78.366,13.858
6.500,-6.500,46.632,0.100,-4.991,82.322,13.776,-5.132,82.156,13.398,-7.892,78.852,13.469,-8.157,78.588,13.854
6.400,-6.400,46.632,0.100,-4.991,82.322,13.776,-5.132,82.156,13.398,-7.892,78.852,13.469,-8.157,78.588,13.854
6.300,-6.300,44.960,0.100,-4.506,82.620,13.777,-4.652,82.457,13.398,-7.496,79.228,13.469,-7.766,78.970,13.854
6.200,-6.200,44.589,0.100,-4.146,82.788,13.773,-4.294,82.628,13.395,-7.182,79.437,13.465,-7.456,79.183,13.850
6.100,-6.100,43.893,0.100,-3.851,82.940,13.772,-4.001,82.781,13.394,-6.933,79.631,13.464,-7.209,79.381,13.849
6.000,-6.000,43.893,0.100,-3.851,82.940,13.772,-4.001,82.781,13.394,-6.933,79.631,13.464,-7.209,79.381,13.849
5.900,-5.900,42.173,0.100,-3.390,83.218,13.774,-3.544,83.064,13.396,-6.554,79.990,13.465,-6.836,79.747,13.850
5.800,-5.800,41.799,0.100,-3.023,83.376,13.771,-3.180,83.224,13.393,-6.233,80.193,13.462,-6.518,79.953,13.847
5.700,-5.700,41.799,0.100,-3.023,83.376,13.771,-3.180,83.224,13.393,-6.233,80.193,13.462,-6.518,79.953,13.847
5.600,-5.600,40.141,0.100,-2.513,83.649,13.771,-2.673,83.500,13.393,-5.803,80.551,13.462,-6.093,80.318,13.847
5.500,-5.500,39.783,0.100,-2.133,83.800,13.767,-2.295,83.654,13.389,-5.466,80.748,13.458,-5.759,80.519,13.843
5.400,-5.400,39.783,0.100,-2.133,83.800,13.767,-2.295,83.654,13.389,-5.466,80.748,13.458,-5.759,80.519,13.843
5.300,-5.300,38.106,0.100,-1.623,84.059,13.767,-1.789,83.917,13.389,-5.033,81.096,13.458,-5.331,80.874,13.842
5.200,-5.200,37.720,0.100,-1.249,84.201,13.764,-1.417,84.061,13.385,-4.700,81.285,13.454,-5.001,81.067,13.839
5.100,-5.100,37.010,0.100,-0.943,84.330,13.762,-1.113,84.193,13.384,-4.434,81.461,13.453,-4.737,81.247,13.837
5.000,-5.000,37.010,0.100,-0.943,84.330,13.762,-1.113,84.193,13.384,-4.434,81.461,13.453,-4.737,81.247,13.837
4.900,-4.900,35.285,0.100,-0.458,84.570,13.764,-0.632,84.437,13.385,-4.021,81.792,13.454,-4.328,81.586,13.838
4.800,-4.800,34.899,0.100,-0.079,84.701,13.761,-0.254,84.571,13.382,-3.680,81.973,13.451,-3.989,81.771,13.835
4.700,-4.700,34.899,0.100,-0.079,84.701,13.761,-0.254,84.571,13.382,-3.680,81.973,13.451,-3.989,81.771,13.835
4.600,-4.600,33.237,0.100,0.455,84.933,13.760,0.276,84.807,13.382,-3.215,82.301,13.450,-3.529,82.105,13.834
4.500,-4.500,32.866,0.100,0.847,85.057,13.757,0.667,84.933,13.378,-2.859,82.475,13.446,-3.175,82.284,13.830
4.400,-4.400,32.866,0.100,0.847,85.057,13.757,0.667,84.933,13.378,-2.859,82.475,13.446,-3.175,82.284,13.830
4.300,-4.300,31.183,0.100,1.379,85.275,13.756,1.196,85.156,13.378,-2.392,82.791,13.446,-2.712,82.608,13.829
4.200,-4.200,30.782,0.100,1.764,85.389,13.752,1.579,85.273,13.374,-2.042,82.958,13.442,-2.364,82.779,13.825
4.100,-4.100,30.060,0.100,2.077,85.494,13.751,1.891,85.380,13.372,-1.760,83.115,13.440,-2.084,82.940,13.823
4.000,-4.000,30.060,0.100,2.077,85.494,13.751,1.891,85.380,13.372,-1.760,83.115,13.440,-2.084,82.940,13.823
3.900,-3.900,28.329,0.100,2.582,85.694,13.752,2.392,85.585,13.373,-1.315,83.415,13.441,-1.643,83.247,13.824
3.800,-3.800,27.929,0.100,2.971,85.798,13.749,2.780,85.691,13.370,-0.956,83.572,13.438,-1.286,83.409,13.820
3.700,-3.700,27.929,0.100,2.971,85.798,13.749,2.780,85.691,13.370,-0.956,83.572,13.438,-1.286,83.409,13.820
3.600,-3.600,26.263,0.100,3.525,85.986,13.748,3.331,85.885,13.370,-0.459,83.865,13.437,-0.792,83.710,13.819
3.500,-3.500,25.880,0.100,3.927,86.081,13.744,3.732,85.983,13.366,-0.086,84.015,13.433,-0.420,83.864,13.815
3.400,-3.400,25.880,0.100,3.927,86.081,13.744,3.732,85.983,13.366,-0.086,84.015,13.433,-0.420,83.864,13.815
3.300,-3.300,24.189,0.100,4.476,86.256,13.743,4.278,86.163,13.365,0.411,84.296,13.432,0.073,84.153,13.814
3.200,-3.200,23.774,0.100,4.868,86.342,13.739,4.670,86.251,13.361,0.777,84.438,13.428,0.438,84.300,13.810
3.100,-3.100,23.774,0.100,4.868,86.342,13.739,4.670,86.251,13.361,0.777,84.438,13.428,0.438,84.300,13.810
3.000,-3.000,22.068,0.100,5.416,86.504,13.739,5.215,86.418,13.360,1.277,84.707,13.427,0.935,84.577,13.809
2.900,-2.900,21.648,0.100,5.810,86.582,13.735,5.608,86.498,13.357,1.647,84.842,13.423,1.304,84.716,13.805
2.800,-2.800,20.918,0.100,6.135,86.656,13.733,5.932,86.575,13.355,1.950,84.972,13.421,1.605,84.850,13.803
2.700,-2.700,20.918,0.100,6.135,86.656,13.733,5.932,86.575,13.355,1.950,84.972,13.421,1.605,84.850,13.803
2.600,-2.600,19.183,0.100,6.660,86.800,13.734,6.455,86.725,13.355,2.433,85.225,13.422,2.086,85.111,13.803
2.500,-2.500,18.767,0.100,7.059,86.866,13.730,6.853,86.794,13.352,2.811,85.350,13.418,2.463,85.241,13.800
2.400,-2.400,18.767,0.100,7.059,86.866,13.730,6.853,86.794,13.352,2.811,85.350,13.418,2.463,85.241,13.800
2.300,-2.300,17.092,0.100,7.631,86.997,13.729,7.423,86.930,13.351,3.344,85.592,13.417,2.995,85.491,13.798
2.200,-2.200,16.691,0.100,8.041,87.054,13.725,7.832,86.990,13.347,3.736,85.709,13.413,3.385,85.612,13.794
2.100,-2.100,15.963,0.100,8.372,87.111,13.722,8.162,87.049,13.344,4.050,85.823,13.410,3.698,85.731,13.791
2.000,-2.000,15.963,0.100,8.372,87.111,13.722,8.162,87.049,13.344,4.050,85.823,13.410,3.698,85.731,13.791
1.900,-1.900,14.217,0.100,8.902,87.225,13.723,8.691,87.168,13.344,4.548,86.049,13.410,4.195,85.965,13.791
1.800,-1.800,13.784,0.100,9.301,87.271,13.719,9.089,87.218,13.341,4.932,86.156,13.407,4.578,86.076,13.787
1.700,-1.700,13.784,0.100,9.301,87.271,13.719,9.089,87.218,13.341,4.932,86.156,13.407,4.578,86.076,13.787
1.600,-1.600,12.100,0.100,9.878,87.369,13.718,9.664,87.322,13.340,5.481,86.369,13.405,5.125,86.297,13.786
1.500,-1.500,11.690,0.100,10.290,87.406,13.714,10.076,87.361,13.336,5.881,86.466,13.401,5.525,86.399,13.782
1.400,-1.400,11.690,0.100,10.290,87.406,13.714,10.076,87.361,13.336,5.881,86.466,13.401,5.525,86.399,13.782
1.300,-1.300,9.986,0.100,10.860,87.491,13.713,10.645,87.452,13.334,6.428,86.666,13.400,6.071,86.608,13.780
1.200,-1.200,9.544,0.100,11.262,87.519,13.708,11.046,87.483,13.330,6.819,86.756,13.395,6.462,86.701,13.776
1.100,-1.100,8.795,0.100,11.591,87.551,13.706,11.375,87.518,13.328,7.138,86.847,13.393,6.780,86.797,13.773
1.000,-1.000,8.795,0.100,11.591,87.551,13.706,11.375,87.518,13.328,7.138,86.847,13.393,6.780,86.797,13.773
0.900,-0.900,7.038,0.100,12.126,87.621,13.706,11.909,87.593,13.328,7.657,87.032,13.393,7.298,86.990,13.773
0.800,-0.800,6.598,0.100,12.530,87.638,13.703,12.313,87.613,13.324,8.054,87.110,13.389,7.695,87.073,13.769
0.700,-0.700,6.598,0.100,12.530,87.638,13.703,12.313,87.613,13.324,8.054,87.110,13.389,7.695,87.073,13.769
0.600,-0.600,4.911,0.100,13.113,87.690,13.701,12.896,87.671,13.323,8.624,87.280,13.388,8.265,87.251,13.767
0.500,-0.500,4.490,0.100,13.528,87.697,13.697,13.310,87.681,13.319,9.035,87.349,13.383,8.676,87.324,13.763
0.400,-0.400,4.490,0.100,13.528,87.697,13.697,13.310,87.681,13.319,9.035,87.349,13.383,8.676,87.324,13.763
0.300,-0.300,2.775,0.100,14.102,87.736,13.695,13.883,87.725,13.317,9.600,87.505,13.381,9.241,87.489,13.761
0.200,-0.200,2.320,0.100,14.503,87.736,13.691,14.285,87.728,13.313,10.000,87.566,13.377,9.641,87.554,13.756
0.100,-0.100,2.320,0.100,14.503,87.736,13.691,14.285,87.728,13.313,10.000,87.566,13.377,9.641,87.554,13.756
-0.000,0.000,0.586,0.100,15.071,87.762,13.690,14.852,87.759,13.311,10.564,87.710,13.375,10.205,87.706,13.754
-0.100,0.100,0.127,0.100,15.472,87.753,13.685,15.253,87.753,13.307,10.966,87.762,13.371,10.607,87.763,13.750
-0.200,0.200,0.100,0.562,15.740,87.708,13.683,15.522,87.711,13.305,11.235,87.761,13.369,10.876,87.765,13.748
-0.300,0.300,0.100,0.562,15.740,87.708,13.683,15.522,87.711,13.305,11.235,87.761,13.369,10.876,87.765,13.748
-0.400,0.400,0.100,2.408,16.249,87.560,13.689,16.031,87.568,13.310,11.743,87.727,13.375,11.385,87.740,13.754
-0.500,0.500,0.100,2.873,16.641,87.492,13.697,16.422,87.503,13.318,12.138,87.719,13.383,11.780,87.737,13.762
-0.600,0.600,0.100,2.873,16.641,87.492,13.697,16.422,87.503,13.318,12.138,87.719,13.383,11.780,87.737,13.762
-0.700,0.700,0.100,4.569,17.224,87.337,13.706,17.005,87.354,13.326,12.725,87.682,13.392,12.367,87.708,13.771
-0.800,0.800,0.100,4.982,17.639,87.262,13.711,17.421,87.281,13.332,13.146,87.667,13.397,12.789,87.698,13.776
-0.900,0.900,0.100,4.982,17.639,87.262,13.711,17.421,87.281,13.332,13.146,87.667,13.397,12.789,87.698,13.776
-1.000,1.000,0.100,6.698,18.207,87.092,13.715,17.989,87.118,13.336,13.723,87.614,13.402,13.367,87.653,13.781
-1.100,1.100,0.100,7.154,18.600,87.006,13.717,18.382,87.035,13.338,14.124,87.588,13.404,13.768,87.633,13.783
-1.200,1.200,0.100,7.916,18.918,86.916,13.718,18.701,86.948,13.338,14.450,87.557,13.405,14.095,87.606,13.784
-1.300,1.300,0.100,7.916,18.918,86.916,13.718,18.701,86.948,13.338,14.450,87.557,13.405,14.095,87.606,13.784
-1.400,1.400,0.100,9.692,19.437,86.727,13.722,19.221,86.764,13.342,14.984,87.482,13.409,14.630,87.540,13.788
-1.500,1.500,0.100,10.141,19.826,86.631,13.725,19.610,86.671,13.345,15.384,87.446,13.412,15.031,87.508,13.791
-1.600,1.600,0.100,10.141,19.826,86.631,13.725,19.610,86.671,13.345,15.384,87.446,13.412,15.031,87.508,13.791
-1.700,1.700,0.100,11.840,20.386,86.431,13.729,20.171,86.476,13.349,15.964,87.361,13.417,15.612,87.432,13.796
-1.800,1.800,0.100,12.261,20.783,86.326,13.732,20.568,86.375,13.351,16.374,87.316,13.420,16.024,87.391,13.798
-1.900,1.900,0.100,12.261,20.783,86.326,13.732,20.568,86.375,13.351,16.374,87.316,13.420,16.024,87.391,13.798
-2.000,2.000,0.100,13.984,21.326,86.112,13.735,21.113,86.167,13.354,16.941,87.216,13.423,16.593,87.300,13.802
-2.100,2.100,0.100,14.435,21.705,85.999,13.736,21.492,86.056,13.356,17.336,87.161,13.425,16.989,87.250,13.804
-2.200,2.200,0.100,15.191,22.013,85.886,13.737,21.801,85.946,13.356,17.659,87.105,13.425,17.313,87.198,13.804
-2.300,2.300,0.100,15.191,22.013,85.886,13.737,21.801,85.946,13.356,17.659,87.105,13.425,17.313,87.198,13.804
-2.400,2.400,0.100,16.961,22.511,85.655,13.740,22.300,85.720,13.359,18.187,86.986,13.429,17.843,87.088,13.808
-2.500,2.500,0.100,17.400,22.886,85.532,13.742,22.677,85.600,13.360,18.582,86.921,13.431,18.239,87.027,13.809
-2.600,2.600,0.100,17.400,22.886,85.532,13.742,22.677,85.600,13.360,18.582,86.921,13.431,18.239,87.027,13.809
-2.700,2.700,0.100,19.098,23.422,85.289,13.745,23.214,85.363,13.363,19.152,86.789,13.434,18.812,86.904,13.813
-2.800,2.800,0.100,19.513,23.803,85.158,13.745,23.596,85.234,13.364,19.555,86.715,13.434,19.217,86.834,13.813
-2.900,2.900,0.100,19.513,23.803,85.158,13.745,23.596,85.234,13.364,19.555,86.715,13.434,19.217,86.834,13.813
-3.000,3.000,0.100,21.235,24.321,84.903,13.747,24.115,84.985,13.365,20.110,86.570,13.437,19.775,86.697,13.815
-3.100,3.100,0.100,21.678,24.684,84.764,13.747,24.480,84.849,13.365,20.498,86.488,13.437,20.165,86.619,13.815
-3.200,3.200,0.100,22.429,24.979,84.629,13.747,24.776,84.716,13.364,20.815,86.407,13.436,20.484,86.543,13.815
-3.300,3.300,0.100,22.429,24.979,84.629,13.747,24.776,84.716,13.364,20.815,86.407,13.436,20.484,86.543,13.815
-3.400,3.400,0.100,24.196,25.451,84.360,13.749,25.250,84.452,13.366,21.330,86.244,13.438,21.002,86.388,13.817
-3.500,3.500,0.100,24.627,25.810,84.211,13.749,25.610,84.306,13.366,21.717,86.151,13.439,21.391,86.299,13.818
-3.600,3.600,0.100,24.627,25.810,84.211,13.749,25.610,84.306,13.366,21.717,86.151,13.439,21.391,86.299,13.818
-3.700,3.700,0.100,26.326,26.317,83.929,13.751,26.120,84.029,13.367,22.272,85.975,13.441,21.950,86.131,13.819
-3.800,3.800,0.100,26.733,26.681,83.773,13.750,26.485,83.876,13.367,22.666,85.872,13.440,22.346,86.033,13.819
-3.900,3.900,0.100,26.733,26.681,83.773,13.750,26.485,83.876,13.367,22.666,85.872,13.440,22.346,86.033,13.819
-4.000,4.000,0.100,28.455,27.169,83.480,13.750,26.976,83.588,13.367,23.206,85.683,13.440,22.890,85.851,13.819
-4.100,4.100,0.100,28.889,27.516,83.318,13.749,27.324,83.428,13.365,23.584,85.573,13.439,23.270,85.746,13.818
-4.200,4.200,0.100,28.889,27.516,83.318,13.749,27.324,83.428,13.365,23.584,85.573,13.439,23.270,85.746,13.818
-4.300,4.300,0.100,30.624,27.989,83.015,13.749,27.799,83.130,13.365,24.113,85.371,13.439,23.803,85.552,13.818
-4.400,4.400,0.100,31.055,28.330,82.846,13.748,28.142,82.964,13.364,24.488,85.254,13.438,24.180,85.438,13.817
-4.500,4.500,0.100,31.792,28.607,82.684,13.746,28.421,82.804,13.362,24.796,85.142,13.436,24.491,85.331,13.815
-4.600,4.600,0.100,31.792,28.607,82.684,13.746,28.421,82.804,13.362,24.796,85.142,13.436,24.491,85.331,13.815
-4.700,4.700,0.100,33.554,29.041,82.369,13.747,28.858,82.495,13.362,25.291,84.926,13.437,24.991,85.121,13.816
-4.800,4.800,0.100,33.973,29.377,82.192,13.745,29.196,82.319,13.361,25.664,84.797,13.435,25.366,84.997,13.814
-4.900,4.900,0.100,33.973,29.377,82.192,13.745,29.196,82.319,13.361,25.664,84.797,13.435,25.366,84.997,13.814
-5.000,5.000,0.100,35.675,29.842,81.864,13.745,29.663,81.996,13.360,26.193,84.565,13.435,25.900,84.772,13.814
-5.100,5.100,0.100,36.073,30.180,81.679,13.742,30.003,81.813,13.358,26.570,84.428,13.433,26.280,84.639,13.811
-5.200,5.200,0.100,36.073,30.180,81.679,13.742,30.003,81.813,13.358,26.570,84.428,13.433,26.280,84.639,13.811
-5.300,5.300,0.100,37.796,30.625,81.342,13.741,30.451,81.481,13.356,27.083,84.185,13.431,26.799,84.402,13.810
-5.400,5.400,0.100,38.218,30.946,81.152,13.738,30.775,81.293,13.353,27.445,84.041,13.428,27.163,84.263,13.807
-5.500,5.500,0.100,38.952,31.204,80.972,13.736,31.035,81.115,13.350,27.741,83.907,13.425,27.462,84.132,13.804
-5.600,5.600,0.100,38.952,31.204,80.972,13.736,31.035,81.115,13.350,27.741,83.907,13.425,27.462,84.132,13.804
-5.700,5.700,0.100,40.719,31.603,80.628,13.735,31.437,80.776,13.349,28.212,83.651,13.425,27.939,83.883,13.804
-5.800,5.800,0.100,41.132,31.918,80.430,13.733,31.754,80.580,13.347,28.570,83.498,13.422,28.300,83.733,13.801
-5.900,5.900,0.100,41.132,31.918,80.430,13.733,31.754,80.580,13.347,28.570,83.498,13.422,28.300,83.733,13.801
-6.000,6.000,0.100,42.835,32.347,80.071,13.731,32.186,80.226,13.345,29.075,83.226,13.421,28.811,83.468,13.800
-6.100,6.100,0.100,43.225,32.664,79.866,13.728,32.505,80.023,13.342,29.437,83.063,13.417,29.176,83.309,13.796
-6.200,6.200,0.100,43.225,32.664,79.866,13.728,32.505,80.023,13.342,29.437,83.063,13.417,29.176,83.309,13.796
-6.300,6.300,0.100,44.948,33.073,79.500,13.726,32.918,79.661,13.339,29.925,82.781,13.415,29.671,83.033,13.793
-6.400,6.400,0.100,45.360,33.373,79.292,13.722,33.221,79.454,13.335,30.272,82.613,13.410,30.021,82.868,13.789
-6.500,6.500,0.100,46.084,33.613,79.095,13.718,33.463,79.260,13.331,30.556,82.457,13.406,30.308,82.716,13.785
-6.600,6.600,0.100,46.084,33.613,79.095,13.718,33.463,79.260,13.331,30.556,82.457,13.406,30.308,82.716,13.785
-6.700,6.700,0.100,47.855,33.976,78.725,13.717,33.829,78.894,13.329,31.001,82.166,13.405,30.759,82.430,13.783
-6.800,6.800,0.100,48.259,34.269,78.510,13.713,34.124,78.680,13.326,31.343,81.988,13.401,31.104,82.256,13.779
-6.900,6.900,0.100,48.259,34.269,78.510,13.713,34.124,78.680,13.326,31.343,81.988,13.401,31.104,82.256,13.779
-7.000,7.000,0.100,49.967,34.659,78.125,13.711,34.519,78.299,13.323,31.819,81.679,13.398,31.588,81.953,13.777
-7.100,7.100,0.100,50.349,34.953,77.902,13.706,34.815,78.078,13.318,32.164,81.493,13.393,31.936,81.770,13.772
-7.200,7.200,0.100,51.054,35.185,77.694,13.702,35.049,77.872,13.314,32.443,81.322,13.388,32.218,81.602,13.767
-7.300,7.300,0.100,51.054,35.185,77.694,13.702,35.049,77.872,13.314,32.443,81.322,13.388,32.218,81.602,13.767
-7.400,7.400,0.100,52.826,35.521,77.309,13.700,35.389,77.490,13.312,32.868,81.007,13.386,32.651,81.292,13.764
-7.500,7.500,0.100,53.229,35.796,77.083,13.695,35.667,77.265,13.307,33.195,80.814,13.381,32.981,81.102,13.759
-7.600,7.600,0.100,53.229,35.796,77.083,13.695,35.667,77.265,13.307,33.195,80.814,13.381,32.981,81.102,13.759
-7.700,7.700,0.100,54.943,36.156,76.682,13.693,36.032,76.868,13.304,33.648,80.482,13.378,33.442,80.775,13.756
-7.800,7.800,0.100,55.321,36.434,76.449,13.687,36.312,76.637,13.299,33.979,80.280,13.372,33.777,80.576,13.750
-7.900,7.900,0.100,55.321,36.434,76.449,13.687,36.312,76.637,13.299,33.979,80.280,13.372,33.777,80.576,13.750
-8.000,8.000,0.100,57.046,36.777,76.044,13.684,36.659,76.235,13.295,34.418,79.938,13.368,34.222,80.239,13.746
-8.100,8.100,0.100,57.441,37.039,75.808,13.678,36.924,76.001,13.289,34.735,79.732,13.361,34.543,80.036,13.740
-8.200,8.200,0.100,57.441,37.039,75.808,13.678,36.924,76.001,13.289,34.735,79.732,13.361,34.543,80.036,13.740
-8.300,8.300,0.100,59.177,37.366,75.398,13.675,37.256,75.593,13.285,35.159,79.382,13.357,34.975,79.690,13.735
-8.400,8.400,0.100,59.571,37.621,75.159,13.669,37.513,75.356,13.280,35.470,79.170,13.351,35.290,79.481,13.729
-8.500,8.500,0.100,59.571,37.621,75.159,13.669,37.513,75.356,13.280,35.470,79.170,13.351,35.290,79.481,13.729
-8.600,8.600,0.100,61.305,37.937,74.743,13.665,37.834,74.943,13.275,35.885,78.811,13.346,35.713,79.126,13.725
-8.700,8.700,0.100,61.693,38.185,74.500,13.660,38.085,74.701,13.270,36.191,78.593,13.340,36.023,78.910,13.718
-8.800,8.800,0.100,62.385,38.382,74.272,13.655,38.285,74.474,13.264,36.442,78.392,13.334,36.278,78.711,13.712
-8.900,8.900,0.100,62.385,38.382,74.272,13.655,38.285,74.474,13.264,36.442,78.392,13.334,36.278,78.711,13.712
-9.000,9.000,0.100,64.164,38.656,73.860,13.652,38.564,74.065,13.261,36.817,78.029,13.330,36.661,78.352,13.709
-9.100,9.100,0.100,64.551,38.894,73.613,13.647,38.805,73.818,13.256,37.113,77.804,13.324,36.962,78.129,13.702
-9.200,9.200,0.100,64.551,38.894,73.613,13.647,38.805,73.818,13.256,37.113,77.804,13.324,36.962,78.129,13.702
-9.300,9.300,0.100,66.269,39.189,73.185,13.643,39.105,73.392,13.251,37.512,77.423,13.319,37.369,77.752,13.697
-9.400,9.400,0.100,66.635,39.427,72.932,13.637,39.345,73.141,13.245,37.810,77.189,13.312,37.670,77.520,13.690
-9.500,9.500,0.100,67.313,39.611,72.696,13.631,39.532,72.906,13.240,38.050,76.976,13.306,37.915,77.308,13.684
-9.600,9.600,0.100,67.313,39.611,72.696,13.631,39.532,72.906,13.240,38.050,76.976,13.306,37.915,77.308,13.684
-9.700,9.700,0.100,69.097,39.856,72.276,13.628,39.782,72.488,13.236,38.400,76.595,13.302,38.273,76.931,13.680
-9.800,9.800,0.100,69.482,40.076,72.022,13.622,40.005,72.234,13.230,38.680,76.358,13.295,38.557,76.695,13.673
-9.900,9.900,0.100,69.482,40.076,72.022,13.622,40.005,72.234,13.230,38.680,76.358,13.295,38.557,76.695,13.673
-10.000,10.000,0.100,71.206,40.340,71.585,13.618,40.274,71.800,13.226,39.052,75.959,13.290,38.937,76.300,13.667
-10.100,10.100,0.100,71.568,40.560,71.326,13.612,40.497,71.541,13.219,39.333,75.713,13.282,39.223,76.056,13.660
-10.200,10.200,0.100,71.568,40.560,71.326,13.612,40.497,71.541,13.219,39.333,75.713,13.282,39.223,76.056,13.660
-10.300,10.300,0.100,73.298,40.809,70.887,13.607,40.750,71.104,13.214,39.690,75.309,13.276,39.588,75.653,13.654
-10.400,10.400,0.100,73.672,41.015,70.628,13.600,40.960,70.845,13.207,39.958,75.060,13.268,39.861,75.406,13.646
-10.500,10.500,0.100,74.343,41.174,70.384,13.595,41.122,70.602,13.201,40.177,74.831,13.262,40.085,75.179,13.639
-10.600,10.600,0.100,74.343,41.174,70.384,13.595,41.122,70.602,13.201,40.177,74.831,13.262,40.085,75.179,13.639
-10.700,10.700,0.100,76.135,41.379,69.956,13.592,41.332,70.176,13.198,40.490,74.430,13.257,40.406,74.779,13.635
-10.800,10.800,0.100,76.511,41.575,69.694,13.585,41.531,69.914,13.192,40.747,74.176,13.250,40.668,74.527,13.627
-10.900,10.900,0.100,76.511,41.575,69.694,13.585,41.531,69.914,13.192,40.747,74.176,13.250,40.668,74.527,13.627
-11.000,11.000,0.100,78.239,41.797,69.249,13.581,41.759,69.471,13.187,41.080,73.755,13.244,41.010,74.108,13.621
-11.100,11.100,0.100,78.593,41.992,68.983,13.574,41.956,69.205,13.180,41.338,73.494,13.236,41.272,73.847,13.613
-11.200,11.200,0.100,78.593,41.992,68.983,13.574,41.956,69.205,13.180,41.338,73.494,13.236,41.272,73.847,13.613
-11.300,11.300,0.100,80.326,42.198,68.537,13.569,42.168,68.760,13.175,41.656,73.068,13.230,41.599,73.423,13.607
-11.400,11.400,0.100,80.691,42.380,68.271,13.563,42.352,68.494,13.168,41.900,72.804,13.222,41.848,73.160,13.599
-11.500,11.500,0.100,81.348,42.518,68.020,13.557,42.493,68.244,13.162,42.099,72.561,13.215,42.051,72.918,13.591
-11.600,11.600,0.100,81.348,42.518,68.020,13.557,42.493,68.244,13.162,42.099,72.561,13.215,42.051,72.918,13.591
-11.700,11.700,0.100,83.147,42.683,67.590,13.554,42.663,67.814,13.158,42.374,72.142,13.210,42.335,72.500,13.587
-11.800,11.800,0.100,83.517,42.853,67.322,13.547,42.837,67.546,13.152,42.607,71.875,13.202,42.572,72.233,13.579
-11.900,11.900,0.100,83.517,42.853,67.322,13.547,42.837,67.546,13.152,42.607,71.875,13.202,42.572,72.233,13.579
-12.000,12.000,0.100,85.251,43.033,66.874,13.543,43.022,67.099,13.147,42.900,71.436,13.196,42.874,71.796,13.572
-12.100,12.100,0.100,85.599,43.202,66.603,13.536,43.194,66.827,13.140,43.132,71.162,13.188,43.111,71.522,13.564
-12.200,12.200,0.100,85.599,43.202,66.603,13.536,43.194,66.827,13.140,43.132,71.162,13.188,43.111,71.522,13.564
-12.300,12.300,0.100,87.334,43.367,66.154,13.531,43.365,66.379,13.135,43.409,70.719,13.181,43.397,71.079,13.557
-12.400,12.400,0.100,87.692,43.524,65.884,13.525,43.525,66.109,13.129,43.629,70.443,13.173,43.622,70.804,13.549
-12.500,12.500,0.100,88.332,43.640,65.629,13.519,43.643,65.853,13.122,43.807,70.188,13.166,43.805,70.549,13.542
-12.600,12.600,0.100,88.332,43.640,65.629,13.519,43.643,65.853,13.122,43.807,70.188,13.166,43.805,70.549,13.542
-12.700,12.700,0.100,90.139,43.766,65.200,13.516,43.775,65.424,13.119,44.043,69.756,13.161,44.049,70.117,13.537
-12.800,12.800,0.100,90.503,43.911,64.929,13.509,43.923,65.153,13.112,44.250,69.477,13.153,44.261,69.838,13.528
-12.900,12.900,0.100,90.503,43.911,64.929,13.509,43.923,65.153,13.112,44.250,69.477,13.153,44.261,69.838,13.528
-13.000,13.000,0.100,92.243,44.050,64.482,13.505,44.067,64.706,13.108,44.501,69.025,13.147,44.521,69.386,13.522
-13.100,13.100,0.100,92.586,44.194,64.209,13.499,44.214,64.432,13.101,44.708,68.740,13.138,44.732,69.101,13.514
-13.200,13.200,0.100,92.586,44.194,64.209,13.499,44.214,64.432,13.101,44.708,68.740,13.138,44.732,69.101,13.514
-13.300,13.300,0.100,94.324,44.318,63.761,13.494,44.344,63.984,13.096,44.944,68.285,13.132,44.977,68.645,13.507
-13.400,13.400,0.100,94.674,44.451,63.490,13.488,44.479,63.713,13.090,45.138,67.999,13.124,45.176,68.358,13.499
-13.500,13.500,0.100,95.297,44.545,63.232,13.482,44.576,63.454,13.083,45.294,67.733,13.116,45.337,68.092,13.491
-13.600,13.600,0.100,95.297,44.545,63.232,13.482,44.576,63.454,13.083,45.294,67.733,13.116,45.337,68.092,13.491
-13.700,13.700,0.100,97.113,44.633,62.808,13.480,44.670,63.029,13.080,45.490,67.292,13.112,45.542,67.650,13.487
-13.800,13.800,0.100,97.470,44.754,62.536,13.473,44.793,62.757,13.074,45.672,67.004,13.103,45.728,67.362,13.478
-13.900,13.900,0.100,97.470,44.754,62.536,13.473,44.793,62.757,13.074,45.672,67.004,13.103,45.728,67.362,13.478
-14.000,14.000,0.100,99.217,44.852,62.094,13.469,44.897,62.314,13.070,45.880,66.544,13.097,45.945,66.900,13.472
-14.100,14.100,0.100,99.555,44.972,61.821,13.463,45.019,62.040,13.063,46.060,66.251,13.089,46.129,66.606,13.464
-14.200,14.200,0.100,99.555,44.972,61.821,13.463,45.019,62.040,13.063,46.060,66.251,13.089,46.129,66.606,13.464
-14.300,14.300,0.100,101.296,45.056,61.379,13.459,45.109,61.597,13.058,46.255,65.787,13.083,46.333,66.141,13.457
-14.400,14.400,0.100,101.639,45.165,61.110,13.453,45.221,61.326,13.053,46.423,65.494,13.075,46.506,65.847,13.449
-14.500,14.500,0.100,102.245,45.237,60.850,13.447,45.296,61.067,13.046,46.556,65.220,13.067,46.644,65.572,13.441
-14.600,14.600,0.100,102.245,45.237,60.850,13.447,45.296,61.067,13.046,46.556,65.220,13.067,46.644,65.572,13.441
-14.700,14.700,0.100,104.070,45.290,60.436,13.445,45.354,60.651,13.044,46.713,64.774,13.063,46.808,65.124,13.437
-14.800,14.800,0.100,104.421,45.387,60.165,13.438,45.453,60.379,13.037,46.868,64.480,13.054,46.968,64.829,13.428
-14.900,14.900,0.100,104.421,45.387,60.165,13.438,45.453,60.379,13.037,46.868,64.480,13.054,46.968,64.829,13.428
-15.000,15.000,0.100,106.176,45.447,59.732,13.436,45.518,59.945,13.034,47.034,64.015,13.049,47.143,64.361,13.423
-15.100,15.100,0.100,106.508,45.542,59.462,13.430,45.617,59.673,13.028,47.187,63.716,13.041,47.300,64.061,13.415
-15.200,15.200,0.100,106.508,45.542,59.462,13.430,45.617,59.673,13.028,47.187,63.716,13.041,47.300,64.061,13.415
-15.300,15.300,0.100,108.252,45.589,59.029,13.426,45.669,59.239,13.024,47.340,63.249,13.035,47.461,63.591,13.409
-15.400,15.400,0.100,108.590,45.676,58.763,13.421,45.758,58.971,13.018,47.482,62.951,13.027,47.608,63.291,13.401
-15.500,15.500,0.100,108.590,45.676,58.763,13.421,45.758,58.971,13.018,47.482,62.951,13.027,47.608,63.291,13.401
-15.600,15.600,0.100,110.335,45.710,58.333,13.416,45.797,58.539,13.013,47.621,62.482,13.021,47.756,62.820,13.394
-15.700,15.700,0.100,110.675,45.790,58.069,13.413,45.880,58.273,13.009,47.755,62.184,13.014,47.894,62.520,13.387
-15.800,15.800,0.100,111.255,45.834,57.811,13.405,45.926,58.014,13.002,47.858,61.903,13.006,48.002,62.237,13.379
-15.900,15.900,0.100,111.255,45.834,57.811,13.405,45.926,58.014,13.002,47.858,61.903,13.006,48.002,62.237,13.379
-16.000,16.000,0.100,113.094,45.844,57.414,13.406,45.941,57.615,13.002,47.964,61.457,13.003,48.115,61.788,13.376
-16.100,16.100,0.100,113.436,45.911,57.147,13.398,46.010,57.347,12.994,48.085,61.158,12.994,48.241,61.487,13.367
-16.200,16.200,0.100,113.436,45.911,57.147,13.398,46.010,57.347,12.994,48.085,61.158,12.994,48.241,61.487,13.367
-16.300,16.300,0.100,115.201,45.924,56.732,13.398,46.029,56.930,12.994,48.197,60.694,12.991,48.360,61.019,13.363
-16.400,16.400,0.100,115.527,45.990,56.468,13.391,46.097,56.664,12.987,48.315,60.392,12.982,48.483,60.715,13.354
-16.500,16.500,0.100,115.527,45.990,56.468,13.391,46.097,56.664,12.987,48.315,60.392,12.982,48.483,60.715,13.354
-16.600,16.600,0.100,117.276,45.991,56.052,13.390,46.103,56.246,12.984,48.414,59.925,12.977,48.590,60.245,13.350
-16.700,16.700,0.100,117.608,46.049,55.793,13.385,46.164,55.985,12.979,48.522,59.625,12.970,48.702,59.942,13.342
-16.800,16.800,0.100,118.172,46.072,55.540,13.380,46.189,55.729,12.974,48.601,59.341,12.963,48.785,59.656,13.335
-16.900,16.900,0.100,118.172,46.072,55.540,13.380,46.189,55.729,12.974,48.601,59.341,12.963,48.785,59.656,13.335
-17.000,17.000,0.100,120.020,46.052,55.160,13.380,46.174,55.347,12.974,48.669,58.900,12.960,48.860,59.211,13.332
-17.100,17.100,0.100,120.357,46.097,54.898,13.373,46.220,55.083,12.967,48.763,58.600,12.952,48.959,58.908,13.324
-17.200,17.200,0.100,120.357,46.097,54.898,13.373,46.220,55.083,12.967,48.763,58.600,12.952,48.959,58.908,13.324
-17.300,17.300,0.100,122.130,46.077,54.501,13.373,46.205,54.683,12.967,48.835,58.141,12.949,49.038,58.445,13.320
-17.400,17.400,0.100,122.452,46.122,54.243,13.368,46.252,54.424,12.961,48.926,57.839,12.941,49.134,58.141,13.312
-17.500,17.500,0.100,123.010,46.132,53.996,13.364,46.265,54.174,12.957,48.989,57.556,12.936,49.201,57.854,13.307
-17.600,17.600,0.100,123.010,46.132,53.996,13.364,46.265,54.174,12.957,48.989,57.556,12.936,49.201,57.854,13.307
-17.700,17.700,0.100,124.860,46.092,53.627,13.364,46.229,53.803,12.956,49.032,57.119,12.932,49.250,57.413,13.303
-17.800,17.800,0.100,125.197,46.122,53.372,13.359,46.262,53.545,12.951,49.108,56.821,12.925,49.330,57.112,13.296
-17.900,17.900,0.100,125.197,46.122,53.372,13.359,46.262,53.545,12.951,49.108,56.821,12.925,49.330,57.112,13.296
-18.000,18.000,0.100,126.973,46.081,52.987,13.358,46.225,53.157,12.950,49.152,56.368,12.922,49.381,56.654,13.292
-18.100,18.100,0.100,127.295,46.112,52.736,13.354,46.258,52.904,12.946,49.225,56.068,12.915,49.458,56.351,13.285
-18.200,18.200,0.100,127.295,46.112,52.736,13.354,46.258,52.904,12.946,49.225,56.068,12.915,49.458,56.351,13.285
-18.300,18.300,0.100,129.048,46.059,52.350,13.352,46.209,52.515,12.943,49.257,55.613,12.911,49.496,55.890,13.281
-18.400,18.400,0.100,129.376,46.085,52.107,13.350,46.237,52.269,12.941,49.322,55.316,12.905,49.565,55.591,13.275
-18.500,18.500,0.100,129.908,46.073,51.863,13.344,46.227,52.023,12.934,49.359,55.032,12.898,49.607,55.303,13.268
-18.600,18.600,0.100,129.908,46.073,51.863,13.344,46.227,52.023,12.934,49.359,55.032,12.898,49.607,55.303,13.268
-18.700,18.700,0.100,131.777,46.010,51.518,13.349,46.168,51.675,12.939,49.367,54.609,12.898,49.620,54.874,13.268
-18.800,18.800,0.100,132.100,46.019,51.268,13.339,46.178,51.422,12.929,49.418,54.311,12.888,49.675,54.573,13.258
-18.900,18.900,0.100,132.100,46.019,51.268,13.339,46.178,51.422,12.929,49.418,54.311,12.888,49.675,54.573,13.258
-19.000,19.000,0.100,133.892,45.952,50.908,13.346,46.115,51.059,12.935,49.424,53.871,12.890,49.688,54.128,13.259
-19.100,19.100,0.100,134.203,45.963,50.663,13.335,46.127,50.812,12.924,49.472,53.574,12.879,49.739,53.827,13.248
-19.200,19.200,0.100,134.203,45.963,50.663,13.335,46.127,50.812,12.924,49.472,53.574,12.879,49.739,53.827,13.248
-19.300,19.300,0.100,135.968,45.883,50.302,13.343,46.051,50.446,12.931,49.467,53.132,12.881,49.739,53.379,13.249
-19.400,19.400,0.100,136.285,45.891,50.066,13.331,46.061,50.208,12.920,49.507,52.840,12.870,49.783,53.083,13.238
-19.500,19.500,0.100,136.285,45.891,50.066,13.331,46.061,50.208,12.920,49.507,52.840,12.870,49.783,53.083,13.238
-19.600,19.600,0.100,138.039,45.799,49.706,13.340,45.973,49.844,12.927,49.490,52.399,12.872,49.771,52.636,13.240
-19.700,19.700,0.100,138.364,45.807,49.477,13.329,45.981,49.613,12.917,49.524,52.111,12.861,49.809,52.344,13.229
-19.800,19.800,0.100,138.364,45.807,49.477,13.329,45.981,49.613,12.917,49.524,52.111,12.861,49.809,52.344,13.229
-19.900,19.900,0.100,140.109,45.704,49.121,13.337,45.883,49.252,12.924,49.495,51.672,12.863,49.785,51.899,13.231
-20.000,20.000,0.100,140.441,45.710,48.899,13.327,45.889,49.028,12.914,49.523,51.388,12.853,49.816,51.611,13.221
-20.100,20.100,0.100,140.935,45.661,48.666,13.331,45.843,48.791,12.918,49.521,51.107,12.853,49.818,51.326,13.220
-20.200,20.200,0.100,140.935,45.661,48.666,13.331,45.843,48.791,12.918,49.521,51.107,12.853,49.818,51.326,13.220
-20.300,20.300,0.100,142.831,45.573,48.363,13.327,45.757,48.485,12.913,49.479,50.711,12.848,49.781,50.923,13.215
-20.400,20.400,0.100,143.135,45.545,48.124,13.330,45.731,48.243,12.916,49.489,50.420,12.846,49.794,50.628,13.213
-20.500,20.500,0.100,143.135,45.545,48.124,13.330,45.731,48.243,12.916,49.489,50.420,12.846,49.794,50.628,13.213
-20.600,20.600,0.100,144.952,45.448,47.808,13.325,45.636,47.923,12.911,49.442,50.009,12.841,49.752,50.211,13.208
-20.700,20.700,0.100,145.249,45.425,47.576,13.330,45.615,47.688,12.916,49.449,49.720,12.840,49.762,49.918,13.207
-20.800,20.800,0.100,145.775,45.384,47.368,13.319,45.575,47.478,12.905,49.438,49.455,12.831,49.753,49.648,13.198
-20.900,20.900,0.100,145.775,45.384,47.368,13.319,45.575,47.478,12.905,49.438,49.455,12.831,49.753,49.648,13.198
-21.000,21.000,0.100,147.644,45.266,47.068,13.334,45.461,47.172,12.919,49.370,49.062,12.837,49.690,49.249,13.204
-21.100,21.100,0.100,147.977,45.243,46.850,13.316,45.437,46.953,12.900,49.368,48.786,12.823,49.690,48.968,13.189
-21.200,21.200,0.100,147.977,45.243,46.850,13.316,45.437,46.953,12.900,49.368,48.786,12.823,49.690,48.968,13.189
-21.300,21.300,0.100,149.774,45.117,46.541,13.339,45.316,46.638,12.923,49.295,48.382,12.835,49.621,48.556,13.201
-21.400,21.400,0.100,150.090,45.099,46.328,13.310,45.296,46.423,12.895,49.290,48.107,12.814,49.619,48.277,13.180
-21.500,21.500,0.100,150.090,45.099,46.328,13.310,45.296,46.423,12.895,49.290,48.107,12.814,49.619,48.277,13.180
-21.600,21.600,0.100,151.858,44.960,46.020,13.347,45.162,46.109,12.929,49.206,47.702,12.833,49.539,47.865,13.199
-21.700,21.700,0.100,152.174,44.943,45.812,13.301,45.143,45.901,12.885,49.196,47.432,12.803,49.531,47.590,13.168
-21.800,21.800,0.100,152.174,44.943,45.812,13.301,45.143,45.901,12.885,49.196,47.432,12.803,49.531,47.590,13.168
-21.800,21.800,0.100,153.931,44.791,45.511,13.361,44.998,45.591,12.943,49.100,47.030,12.836,49.439,47.181,13.202
-21.800,21.800,0.100,152.966,44.854,45.403,13.280,45.054,45.487,12.864,49.144,46.900,12.785,49.485,47.049,13.150
-21.800,21.800,0.100,152.469,44.818,45.331,13.378,45.026,45.406,12.960,49.140,46.807,12.840,49.480,46.955,13.206
-21.800,21.800,0.100,152.469,44.818,45.331,13.378,45.026,45.406,12.960,49.140,46.807,12.840,49.480,46.955,13.206
-21.800,21.800,0.100,152.232,44.845,45.301,13.244,45.044,45.387,12.829,49.145,46.777,12.761,49.487,46.923,13.125
-21.800,21.800,0.100,152.064,44.810,45.290,13.420,45.021,45.361,13.000,49.137,46.749,12.862,49.477,46.897,13.228
-21.800,21.800,0.100,152.064,44.810,45.290,13.420,45.021,45.361,13.000,49.137,46.749,12.862,49.477,46.897,13.228
-21.800,21.800,0.100,151.925,44.833,45.264,13.185,45.029,45.353,12.772,49.136,46.742,12.726,49.479,46.886,13.090
-21.800,21.800,0.100,151.871,44.814,45.290,13.499,45.029,45.356,13.076,49.139,46.741,12.908,49.478,46.891,13.274
-21.800,21.800,0.100,151.871,44.814,45.290,13.499,45.029,45.356,13.076,49.139,46.741,12.908,49.478,46.891,13.274
-21.800,21.800,0.100,151.615,44.823,45.236,13.091,45.014,45.330,12.678,49.129,46.733,12.671,49.473,46.874,13.035
-21.800,21.800,0.100,151.578,44.828,45.311,13.624,45.050,45.367,13.197,49.147,46.759,12.980,49.484,46.911,13.346
-21.800,21.800,0.100,151.040,44.808,45.206,12.966,44.992,45.308,12.553,49.118,46.740,12.602,49.465,46.878,12.966
-21.800,21.800,0.100,151.040,44.808,45.206,12.966,44.992,45.308,12.553,49.118,46.740,12.602,49.465,46.878,12.966
-21.800,21.800,0.100,151.009,44.843,45.340,13.769,45.071,45.384,13.334,49.151,46.796,13.059,49.487,46.950,13.426
-21.800,21.800,0.100,150.257,44.782,45.185,12.865,44.961,45.290,12.451,49.102,46.761,12.552,49.450,46.896,12.916
-21.800,21.800,0.100,150.257,44.782,45.185,12.865,44.961,45.290,12.451,49.102,46.761,12.552,49.450,46.896,12.916
-21.800,21.800,0.100,150.416,44.841,45.361,13.861,45.071,45.394,13.422,49.142,46.827,13.107,49.477,46.983,13.475
-21.800,21.800,0.100,149.744,44.754,45.180,12.822,44.933,45.286,12.405,49.085,46.776,12.532,49.432,46.910,12.897
-21.800,21.800,0.100,149.744,44.754,45.180,12.822,44.933,45.286,12.405,49.085,46.776,12.532,49.432,46.910,12.897
-21.800,21.800,0.100,150.139,44.831,45.370,13.895,45.061,45.399,13.454,49.130,46.839,13.126,49.466,46.995,13.494
-21.800,21.800,0.100,149.575,44.740,45.181,12.808,44.919,45.286,12.390,49.076,46.780,12.524,49.424,46.913,12.889
