L1,L2,L3,F1,F2,F3,x1,y1,z1,x2,y2,z2,x3,y3,z3,x4,y4,z4,x5,y5,z5,x6,y6,z6,x7,y7,z7,x8,y8,z8,x9,y9,z9,x10,y10,z10,x11,y11,z11,x12,y12,z12,x13,y13,z13,x14,y14,z14,x15,y15,z15,x16,y16,z16,x17,y17,z17,x18,y18,z18,x19,y19,z19,x20,y20,z20,x21,y21,z21,x22,y22,z22,x23,y23,z23,x24,y24,z24,x25,y25,z25,x26,y26,z26,x27,y27,z27,x28,y28,z28,x29,y29,z29,x30,y30,z30,x31,y31,z31,x32,y32,z32,x33,y33,z33,x34,y34,z34,x35,y35,z35,x36,y36,z36
0.000,0.000,0.000,0.100,0.100,0.100,18.355,-0.000,9.910,17.085,10.891,8.791,17.454,19.211,8.904,17.578,30.862,8.781,17.454,39.210,8.904,17.374,50.853,8.828,17.659,59.148,8.841,17.442,70.905,8.777,17.455,79.209,8.904,17.579,90.791,8.891,17.949,99.111,8.804,17.415,110.495,7.746,10.631,-0.000,20.574,9.239,10.490,22.215,9.522,19.418,22.587,9.238,30.489,22.215,9.522,39.417,22.587,9.238,50.488,22.215,9.522,59.417,22.587,9.238,70.487,22.215,9.522,79.416,22.587,9.239,90.486,22.215,9.522,99.415,22.587,8.813,110.440,22.484,24.738,-0.000,19.561,25.795,10.449,22.141,25.510,19.409,22.627,25.689,30.493,22.290,25.510,39.408,22.627,25.689,50.492,22.290,25.510,59.407,22.627,25.689,70.491,22.290,25.510,79.406,22.627,25.689,90.490,22.290,25.510,99.405,22.627,26.174,110.496,22.466
1.000,1.000,1.000,46.409,50.862,50.924,18.355,-0.000,9.910,17.085,10.853,8.778,17.456,19.118,8.906,17.581,30.604,8.791,17.458,38.909,8.928,17.376,50.412,8.860,17.666,58.656,8.884,17.455,70.276,8.837,17.472,78.528,8.984,17.597,89.974,8.995,17.969,98.247,8.931,17.433,109.520,7.911,10.631,-0.000,20.574,9.245,10.469,22.225,9.520,19.283,22.608,9.239,30.272,22.243,9.524,39.076,22.627,9.238,50.067,22.262,9.523,58.882,22.646,9.246,69.868,22.289,9.536,78.673,22.684,9.255,89.668,22.334,9.540,98.477,22.732,8.835,109.465,22.651,24.738,-0.000,19.561,25.792,10.435,22.152,25.517,19.268,22.647,25.696,30.273,22.319,25.518,39.064,22.668,25.694,50.068,22.340,25.520,58.861,22.686,25.705,69.862,22.367,25.530,78.660,22.725,25.712,89.672,22.412,25.530,98.475,22.773,26.184,109.521,22.630
2.000,2.000,2.000,69.461,76.363,76.072,18.355,-0.000,9.910,17.085,10.814,8.765,17.459,19.023,8.908,17.585,30.339,8.800,17.463,38.599,8.950,17.380,49.960,8.891,17.677,58.150,8.926,17.473,69.631,8.895,17.495,77.829,9.061,17.622,89.137,9.096,17.996,97.360,9.057,17.458,108.519,8.074,10.631,-0.000,20.574,9.251,10.448,22.235,9.519,19.145,22.629,9.241,30.050,22.271,9.529,38.726,22.666,9.239,49.635,22.308,9.528,58.336,22.704,9.258,69.234,22.361,9.556,77.912,22.779,9.277,88.829,22.452,9.564,97.516,22.875,8.864,108.465,22.815,24.738,-0.000,19.561,25.789,10.421,22.163,25.525,19.124,22.668,25.703,30.047,22.348,25.528,38.710,22.708,25.702,49.633,22.389,25.533,58.301,22.743,25.726,69.217,22.442,25.555,77.894,22.822,25.742,88.833,22.532,25.557,97.520,22.917,26.200,108.522,22.792
3.010,3.010,3.010,92.263,101.741,100.840,18.355,-0.000,9.910,17.085,10.775,8.751,17.461,18.928,8.909,17.590,30.074,8.809,17.470,38.289,8.972,17.388,49.506,8.919,17.693,57.644,8.966,17.497,68.985,8.949,17.524,77.130,9.135,17.654,88.298,9.193,18.031,96.473,9.176,17.490,107.518,8.230,10.631,-0.000,20.574,9.257,10.427,22.246,9.518,19.008,22.649,9.245,29.829,22.297,9.535,38.377,22.703,9.245,49.205,22.351,9.537,57.790,22.758,9.275,68.600,22.430,9.582,77.151,22.870,9.306,87.991,22.564,9.595,96.554,23.011,8.900,107.464,22.973,24.738,-0.000,19.561,25.786,10.407,22.174,25.532,18.979,22.687,25.712,29.820,22.376,25.539,38.356,22.747,25.713,49.196,22.436,25.550,57.740,22.798,25.751,68.570,22.514,25.586,77.128,22.915,25.777,87.992,22.648,25.590,96.565,23.055,26.222,107.522,22.948
4.010,4.010,4.010,114.146,126.237,124.498,18.355,-0.000,9.910,17.085,10.737,8.738,17.464,18.835,8.911,17.597,29.817,8.816,17.478,37.987,8.991,17.399,49.066,8.945,17.712,57.152,9.002,17.526,68.358,8.999,17.558,76.451,9.202,17.692,87.485,9.281,18.072,95.612,9.288,17.528,106.547,8.376,10.631,-0.000,20.574,9.263,10.407,22.255,9.518,18.876,22.668,9.249,29.615,22.322,9.543,38.040,22.737,9.253,48.788,22.391,9.549,57.261,22.808,9.297,67.987,22.493,9.613,76.414,22.953,9.341,87.178,22.667,9.632,95.621,23.138,8.942,106.494,23.120,24.738,-0.000,19.561,25.783,10.394,22.184,25.539,18.838,22.706,25.721,29.600,22.402,25.552,38.011,22.783,25.726,48.772,22.479,25.569,57.194,22.849,25.781,67.942,22.581,25.621,76.383,23.002,25.818,87.176,22.755,25.629,95.638,23.185,26.252,106.552,23.094
5.010,5.010,5.010,137.579,152.603,149.685,18.355,-0.000,9.910,17.085,10.696,8.725,17.467,18.735,8.911,17.605,29.537,8.823,17.490,37.661,9.011,17.414,48.589,8.971,17.737,56.620,9.039,17.563,67.679,9.050,17.602,75.715,9.272,17.741,86.604,9.373,18.124,94.678,9.402,17.578,105.496,8.527,10.631,-0.000,20.574,9.269,10.385,22.266,9.518,18.733,22.688,9.255,29.384,22.347,9.555,37.675,22.772,9.265,48.338,22.432,9.567,56.691,22.859,9.327,67.324,22.557,9.652,75.616,23.039,9.385,86.298,22.774,9.680,94.610,23.268,8.995,105.443,23.272,24.738,-0.000,19.561,25.780,10.379,22.195,25.547,18.684,22.726,25.732,29.361,22.429,25.567,37.637,22.821,25.744,48.311,22.524,25.595,56.603,22.901,25.818,67.261,22.650,25.665,75.576,23.091,25.869,86.291,22.867,25.678,94.634,23.319,26.290,105.502,23.246
6.010,6.010,6.010,158.555,176.317,172.086,18.355,-0.000,9.910,17.085,10.659,8.712,17.471,18.644,8.912,17.614,29.284,8.829,17.503,37.364,9.027,17.431,48.157,8.993,17.763,56.138,9.070,17.601,67.064,9.093,17.647,75.049,9.331,17.791,85.806,9.451,18.178,93.833,9.502,17.630,104.544,8.658,10.631,-0.000,20.574,9.275,10.366,22.275,9.519,18.605,22.705,9.262,29.176,22.370,9.567,37.346,22.803,9.280,47.931,22.466,9.587,56.175,22.902,9.358,66.725,22.612,9.693,74.894,23.112,9.432,85.502,22.866,9.729,93.695,23.381,9.049,104.491,23.403,24.738,-0.000,19.561,25.777,10.366,22.206,25.554,18.545,22.743,25.743,29.143,22.452,25.583,37.297,22.853,25.762,47.893,22.562,25.621,56.068,22.945,25.856,66.643,22.710,25.710,74.845,23.168,25.921,85.490,22.963,25.729,93.725,23.436,26.332,104.551,23.379
7.010,7.010,7.010,179.246,199.855,193.968,18.355,-0.000,9.910,17.085,10.622,8.700,17.475,18.552,8.912,17.624,29.028,8.835,17.517,37.064,9.043,17.451,47.721,9.014,17.794,55.650,9.099,17.644,66.568,9.125,17.691,74.566,9.372,17.840,85.228,9.505,18.230,93.221,9.571,17.681,103.855,8.751,10.631,-0.000,20.574,9.279,10.351,22.282,9.521,18.514,22.717,9.270,29.027,22.385,9.579,37.110,22.823,9.295,47.638,22.490,9.608,55.803,22.931,9.390,66.292,22.650,9.733,74.372,23.162,9.477,84.927,22.929,9.777,93.032,23.460,9.100,103.802,23.496,24.738,-0.000,19.561,25.775,10.357,22.213,25.559,18.443,22.755,25.756,28.902,22.478,25.601,36.921,22.888,25.786,47.429,22.603,25.654,55.475,22.992,25.903,65.959,22.772,25.764,74.036,23.249,25.984,84.603,23.066,25.791,92.719,23.559,26.385,103.500,23.519
8.010,8.010,8.010,199.370,222.784,215.149,18.355,-0.000,9.910,17.085,10.582,8.687,17.479,18.454,8.912,17.636,28.756,8.840,17.534,36.745,9.058,17.475,47.256,9.034,17.830,55.131,9.129,17.696,65.781,9.174,17.759,73.658,9.445,17.915,84.142,9.602,18.311,92.069,9.695,17.759,102.559,8.916,10.631,-0.000,20.574,9.287,10.325,22.294,9.523,18.341,22.739,9.281,28.745,22.413,9.597,36.664,22.861,9.319,47.086,22.533,9.640,55.104,22.985,9.438,65.478,22.718,9.795,73.392,23.253,9.547,83.845,23.044,9.851,91.787,23.601,9.180,102.508,23.662,24.738,-0.000,19.561,25.771,10.339,22.227,25.568,18.253,22.778,25.768,28.689,22.499,25.619,36.587,22.917,25.809,47.018,22.638,25.686,54.949,23.032,25.949,65.353,22.825,25.818,73.318,23.318,26.046,83.817,23.153,25.852,91.828,23.665,26.438,102.569,23.640
9.010,9.010,9.010,221.644,248.252,238.406,18.355,-0.000,9.910,17.085,10.542,8.673,17.484,18.355,8.911,17.649,28.478,8.844,17.553,36.420,9.073,17.503,46.782,9.053,17.870,54.602,9.157,17.753,65.106,9.213,17.825,72.926,9.500,17.989,83.266,9.676,18.390,91.141,9.791,17.837,101.516,9.044,10.631,-0.000,20.574,9.293,10.304,22.304,9.525,18.203,22.756,9.293,28.519,22.435,9.616,36.306,22.889,9.343,46.643,22.566,9.673,54.542,23.024,9.486,64.824,22.769,9.856,72.603,23.322,9.616,82.975,23.131,9.924,90.785,23.709,9.258,101.466,23.789,24.738,-0.000,19.561,25.768,10.325,22.238,25.575,18.099,22.795,25.783,28.449,22.522,25.641,36.212,22.948,25.837,46.557,22.675,25.725,54.360,23.074,26.004,64.673,22.882,25.881,72.515,23.392,26.119,82.936,23.247,25.925,90.831,23.779,26.502,101.527,23.769
10.010,10.010,10.010,245.460,275.527,263.164,18.355,-0.000,9.910,17.086,10.502,8.660,17.489,18.257,8.910,17.663,28.205,8.848,17.574,36.100,9.087,17.533,46.317,9.070,17.913,54.083,9.183,17.814,64.444,9.249,17.896,72.208,9.552,18.068,82.407,9.744,18.474,90.231,9.880,17.919,100.492,9.164,10.631,-0.000,20.574,9.299,10.283,22.314,9.528,18.069,22.772,9.305,28.299,22.455,9.637,35.957,22.916,9.371,46.210,22.596,9.708,53.993,23.061,9.539,64.184,22.816,9.921,71.829,23.385,9.690,82.121,23.212,10.002,89.801,23.809,9.341,100.443,23.909,24.738,-0.000,19.561,25.764,10.311,22.248,25.582,17.948,22.811,25.798,28.213,22.545,25.663,35.844,22.978,25.867,46.104,22.710,25.766,53.781,23.113,26.062,64.005,22.936,25.948,71.726,23.461,26.197,82.071,23.335,26.003,89.853,23.886,26.572,100.505,23.892
11.010,11.010,11.010,265.378,298.432,283.566,18.355,-0.000,9.910,17.086,10.465,8.649,17.494,18.166,8.910,17.677,27.950,8.852,17.595,35.802,9.098,17.563,45.883,9.085,17.956,53.599,9.206,17.873,63.827,9.281,17.965,71.539,9.598,18.146,81.607,9.805,18.557,89.382,9.960,18.001,99.539,9.272,10.631,-0.000,20.574,9.305,10.264,22.323,9.532,17.944,22.786,9.318,28.094,22.473,9.657,35.632,22.939,9.398,45.806,22.623,9.744,53.482,23.094,9.590,63.588,22.859,9.985,71.109,23.442,9.763,81.327,23.285,10.079,88.884,23.899,9.422,99.491,24.016,24.738,-0.000,19.561,25.761,10.298,22.258,25.588,17.806,22.826,25.813,27.992,22.564,25.685,35.500,23.004,25.896,45.681,22.741,25.807,53.241,23.149,26.119,63.382,22.984,26.014,70.990,23.523,26.274,81.265,23.414,26.080,88.941,23.983,26.641,99.553,24.002
12.010,12.010,12.010,285.221,321.329,303.516,18.355,-0.000,9.910,17.086,10.448,8.643,17.497,18.122,8.908,17.688,27.826,8.853,17.612,35.656,9.103,17.589,45.672,9.092,17.992,53.363,9.217,17.923,63.525,9.298,18.024,71.212,9.622,18.213,81.216,9.838,18.655,88.433,10.046,18.098,98.475,9.388,10.631,-0.000,20.574,9.311,10.243,22.332,9.536,17.806,22.802,9.333,27.866,22.492,9.681,35.270,22.964,9.431,45.357,22.651,9.787,52.912,23.128,9.652,62.924,22.904,10.060,70.306,23.502,9.849,80.440,23.363,10.170,87.861,23.995,9.517,98.428,24.132,24.738,-0.000,19.561,25.758,10.283,22.269,25.595,17.648,22.843,25.830,27.746,22.586,25.711,35.116,23.033,25.932,45.207,22.775,25.855,52.637,23.186,26.187,62.685,23.036,26.092,70.167,23.590,26.364,80.364,23.500,26.170,87.923,24.086,26.723,98.490,24.121
13.010,13.010,13.010,306.914,346.331,325.452,18.355,-0.000,9.910,17.086,10.388,8.624,17.505,17.974,8.907,17.708,27.412,8.858,17.642,35.170,9.122,17.632,44.966,9.114,18.055,52.574,9.251,18.010,62.519,9.343,18.125,70.120,9.689,18.325,79.911,9.926,18.748,87.583,10.121,18.190,97.521,9.489,10.631,-0.000,20.574,9.317,10.224,22.341,9.540,17.683,22.815,9.348,27.663,22.509,9.704,34.947,22.986,9.463,44.956,22.676,9.828,52.403,23.157,9.711,62.329,22.942,10.132,69.586,23.554,9.931,79.646,23.430,10.256,86.943,24.078,9.608,97.475,24.231,24.738,-0.000,19.561,25.755,10.270,22.279,25.602,17.505,22.857,25.846,27.524,22.605,25.735,34.770,23.058,25.965,44.782,22.804,25.900,52.095,23.219,26.250,62.059,23.081,26.164,69.429,23.647,26.448,79.555,23.574,26.256,87.010,24.177,26.802,97.538,24.225
14.010,14.010,14.010,326.671,369.166,345.045,18.355,-0.000,9.910,17.086,10.350,8.612,17.510,17.881,8.906,17.724,27.152,8.861,17.667,34.865,9.132,17.669,44.522,9.127,18.106,52.079,9.272,18.081,61.887,9.371,18.207,69.434,9.731,18.417,79.091,9.981,18.846,86.713,10.194,18.287,96.546,9.589,10.631,-0.000,20.574,9.323,10.204,22.350,9.544,17.559,22.828,9.364,27.456,22.526,9.729,34.618,23.007,9.498,44.546,22.700,9.872,51.883,23.186,9.774,61.722,22.981,10.207,68.851,23.604,10.017,78.834,23.495,10.347,86.006,24.159,9.703,96.501,24.330,24.738,-0.000,19.561,25.752,10.257,22.289,25.608,17.360,22.871,25.863,27.297,22.623,25.760,34.417,23.082,26.001,44.347,22.833,25.948,51.541,23.251,26.317,61.419,23.125,26.241,68.674,23.704,26.538,78.728,23.648,26.346,86.077,24.266,26.885,96.564,24.327
15.010,15.010,15.010,347.665,393.446,365.596,18.355,-0.000,9.910,17.086,10.311,8.600,17.517,17.781,8.904,17.743,26.873,8.863,17.695,34.538,9.143,17.710,44.047,9.140,18.164,51.548,9.293,18.161,61.209,9.400,18.301,68.698,9.774,18.522,78.212,10.037,18.958,85.780,10.270,18.397,95.501,9.692,10.631,-0.000,20.574,9.329,10.184,22.359,9.549,17.426,22.841,9.382,27.234,22.543,9.757,34.265,23.029,9.537,44.108,22.725,9.923,51.327,23.215,9.845,61.072,23.020,10.293,68.063,23.657,10.116,77.965,23.563,10.450,85.000,24.243,9.811,95.457,24.432,24.738,-0.000,19.561,25.748,10.243,22.300,25.614,17.203,22.885,25.882,27.053,22.643,25.788,34.037,23.107,26.041,43.880,22.864,26.002,50.945,23.284,26.392,60.731,23.172,26.327,67.863,23.764,26.639,77.839,23.725,26.448,85.075,24.359,26.980,95.520,24.434
16.010,16.010,16.010,366.164,414.865,383.196,18.355,-0.000,9.910,17.086,10.271,8.588,17.523,17.683,8.903,17.761,26.597,8.866,17.724,34.214,9.153,17.753,43.577,9.152,18.224,51.022,9.314,18.243,60.536,9.428,18.396,67.969,9.815,18.629,77.340,10.092,19.072,84.855,10.343,18.511,94.465,9.791,10.631,-0.000,20.574,9.335,10.163,22.368,9.555,17.295,22.854,9.401,27.016,22.560,9.785,33.917,23.050,9.578,43.674,22.749,9.975,50.776,23.243,9.918,60.428,23.058,10.380,67.282,23.706,10.217,77.103,23.629,10.556,84.004,24.323,9.921,94.423,24.529,24.738,-0.000,19.561,25.745,10.229,22.310,25.620,17.047,22.899,25.901,26.811,22.661,25.817,33.660,23.132,26.083,43.416,22.893,26.057,50.354,23.316,26.470,60.049,23.216,26.415,67.058,23.821,26.742,76.958,23.799,26.553,84.083,24.448,27.079,94.486,24.537
17.010,17.010,17.010,384.808,436.451,400.982,18.355,-0.000,9.910,17.086,10.235,8.577,17.529,17.593,8.901,17.779,26.345,8.868,17.751,33.919,9.162,17.793,43.147,9.163,18.280,50.542,9.332,18.319,59.923,9.453,18.486,67.302,9.852,18.729,76.544,10.140,19.180,84.009,10.408,18.617,93.519,9.879,10.631,-0.000,20.574,9.341,10.145,22.376,9.560,17.176,22.866,9.419,26.817,22.574,9.812,33.600,23.068,9.617,43.279,22.771,10.024,50.275,23.268,9.987,59.841,23.091,10.463,66.570,23.750,10.311,76.317,23.686,10.656,83.094,24.394,10.025,93.478,24.616,24.738,-0.000,19.561,25.742,10.216,22.320,25.626,16.905,22.912,25.919,26.589,22.678,25.844,33.315,23.154,26.122,42.991,22.919,26.108,49.813,23.344,26.542,59.424,23.257,26.498,66.322,23.871,26.839,76.153,23.865,26.651,83.177,24.527,27.171,93.542,24.628
18.000,18.000,18.000,407.319,462.527,422.503,18.355,-0.000,9.910,17.086,10.196,8.565,17.536,17.494,8.899,17.798,26.066,8.870,17.782,33.591,9.172,17.839,42.672,9.175,18.344,50.011,9.352,18.406,59.243,9.480,18.587,66.564,9.892,18.843,75.662,10.191,19.302,83.073,10.478,18.739,92.472,9.973,10.631,-0.000,20.574,9.347,10.124,22.384,9.566,17.046,22.878,9.440,26.597,22.590,9.843,33.250,23.088,9.662,42.842,22.794,10.079,49.721,23.295,10.066,59.192,23.128,10.556,65.781,23.797,10.419,75.447,23.749,10.769,82.087,24.469,10.142,92.433,24.708,24.738,-0.000,19.561,25.739,10.202,22.330,25.631,16.746,22.925,25.939,26.343,22.696,25.874,32.933,23.177,26.166,42.521,22.947,26.166,49.214,23.375,26.623,58.732,23.300,26.590,65.507,23.926,26.948,75.261,23.936,26.762,82.173,24.613,27.276,92.497,24.727
19.000,19.000,19.000,426.399,484.639,440.243,18.355,-0.000,9.910,17.087,10.159,8.554,17.543,17.401,8.898,17.817,25.803,8.872,17.811,33.283,9.181,17.883,42.224,9.186,18.405,49.510,9.370,18.489,58.602,9.504,18.684,65.868,9.928,18.952,74.830,10.238,19.418,82.190,10.542,18.854,91.486,10.060,10.631,-0.000,20.574,9.353,10.105,22.392,9.572,16.923,22.889,9.460,26.390,22.605,9.872,32.921,23.106,9.705,42.431,22.815,10.133,49.199,23.319,10.141,58.581,23.161,10.644,65.038,23.840,10.522,74.627,23.805,10.877,81.137,24.538,10.254,91.448,24.793,24.738,-0.000,19.561,25.735,10.189,22.340,25.637,16.597,22.938,25.958,26.111,22.713,25.902,32.572,23.198,26.208,42.077,22.973,26.221,48.649,23.403,26.701,58.078,23.340,26.679,64.738,23.976,27.052,74.419,24.002,26.868,81.227,24.692,27.376,91.511,24.818
20.000,20.000,20.000,445.704,507.012,457.952,18.355,-0.000,9.910,17.087,10.121,8.543,17.550,17.306,8.896,17.836,25.535,8.875,17.842,32.968,9.190,17.928,41.767,9.197,18.468,48.999,9.389,18.575,57.947,9.529,18.785,65.157,9.965,19.065,73.981,10.285,19.539,81.288,10.605,18.975,90.478,10.146,10.631,-0.000,20.574,9.359,10.086,22.400,9.578,16.799,22.900,9.480,26.180,22.620,9.903,32.585,23.124,9.750,42.013,22.836,10.189,48.667,23.343,10.220,57.957,23.194,10.736,64.280,23.883,10.629,73.790,23.862,10.989,80.168,24.606,10.371,90.442,24.877,24.738,-0.000,19.561,25.732,10.176,22.350,25.642,16.444,22.950,25.978,25.873,22.729,25.931,32.202,23.220,26.252,41.623,22.999,26.279,48.071,23.431,26.782,57.410,23.380,26.770,63.952,24.026,27.160,73.558,24.068,26.977,80.260,24.770,27.481,90.506,24.908
21.000,21.000,21.000,462.846,526.847,473.042,18.355,-0.000,9.910,17.087,10.083,8.532,17.557,17.211,8.894,17.856,25.267,8.877,17.873,32.654,9.199,17.975,41.310,9.208,18.534,48.487,9.407,18.663,57.292,9.553,18.889,64.445,10.001,19.181,73.131,10.330,19.664,80.385,10.667,19.099,89.470,10.229,10.631,-0.000,20.574,9.365,10.067,22.408,9.585,16.675,22.911,9.502,25.970,22.634,9.934,32.250,23.141,9.796,41.594,22.857,10.247,48.136,23.367,10.301,57.334,23.227,10.831,63.522,23.924,10.739,72.953,23.917,11.105,79.198,24.671,10.490,89.436,24.959,24.738,-0.000,19.561,25.729,10.162,22.360,25.646,16.291,22.962,25.999,25.635,22.745,25.961,31.832,23.240,26.298,41.167,23.025,26.337,47.491,23.459,26.864,56.741,23.420,26.864,63.164,24.075,27.271,72.696,24.132,27.090,79.293,24.846,27.589,89.499,24.996
22.000,22.000,22.000,483.112,550.345,491.498,18.355,-0.000,9.910,17.087,10.047,8.522,17.565,17.120,8.892,17.875,25.010,8.879,17.905,32.352,9.207,18.022,40.871,9.218,18.599,47.997,9.425,18.751,56.662,9.576,18.991,63.761,10.035,19.297,72.314,10.373,19.788,79.518,10.726,19.223,88.502,10.308,10.631,-0.000,20.574,9.370,10.048,22.416,9.591,16.558,22.921,9.524,25.769,22.647,9.966,31.930,23.158,9.843,41.193,22.877,10.304,47.626,23.389,10.381,56.736,23.258,10.925,62.794,23.963,10.848,72.149,23.969,11.219,78.266,24.732,10.609,88.469,25.035,24.738,-0.000,19.561,25.726,10.150,22.370,25.651,16.143,22.973,26.019,25.405,22.761,25.991,31.476,23.260,26.343,40.729,23.049,26.395,46.934,23.485,26.946,56.096,23.458,26.956,62.406,24.121,27.381,71.867,24.193,27.202,78.363,24.918,27.696,88.533,25.079
23.000,23.000,23.000,502.149,572.401,508.244,18.355,-0.000,9.910,17.087,10.009,8.511,17.572,17.024,8.890,17.895,24.740,8.881,17.937,32.034,9.216,18.070,40.410,9.229,18.667,47.480,9.444,18.842,55.999,9.600,19.098,63.040,10.070,19.417,71.454,10.417,19.917,78.604,10.786,19.351,87.483,10.388,10.631,-0.000,20.574,9.376,10.029,22.424,9.598,16.434,22.931,9.547,25.558,22.661,9.998,31.593,23.175,9.892,40.772,22.898,10.364,47.091,23.412,10.465,56.107,23.290,11.022,62.027,24.003,10.962,71.303,24.021,11.339,77.285,24.795,10.732,87.452,25.113,24.738,-0.000,19.561,25.722,10.136,22.379,25.655,15.988,22.985,26.039,25.162,22.776,26.021,31.100,23.280,26.390,40.267,23.074,26.455,46.346,23.512,27.031,55.417,23.497,27.052,61.608,24.169,27.495,70.994,24.255,27.319,77.385,24.991,27.808,87.515,25.164
24.000,24.000,24.000,520.863,594.068,524.438,18.355,-0.000,9.910,17.087,9.972,8.501,17.580,16.929,8.889,17.914,24.473,8.883,17.970,31.720,9.225,18.120,39.953,9.240,18.736,46.969,9.462,18.934,55.342,9.623,19.207,62.326,10.104,19.539,70.601,10.460,20.048,77.698,10.844,19.482,86.474,10.466,10.631,-0.000,20.574,9.382,10.010,22.432,9.605,16.313,22.941,9.570,25.350,22.674,10.031,31.260,23.191,9.942,40.355,22.918,10.426,46.561,23.434,10.551,55.484,23.321,11.121,61.268,24.041,11.078,70.465,24.073,11.460,76.313,24.854,10.858,86.445,25.188,24.738,-0.000,19.561,25.719,10.123,22.389,25.659,15.833,22.996,26.060,24.922,22.792,26.051,30.727,23.299,26.437,39.808,23.099,26.515,45.763,23.538,27.117,54.743,23.535,27.149,60.816,24.214,27.611,70.128,24.316,27.437,76.415,25.063,27.922,86.507,25.246
25.000,25.000,25.000,539.436,615.568,540.277,18.355,-0.000,9.910,17.087,9.935,8.491,17.588,16.834,8.887,17.934,24.205,8.885,18.004,31.405,9.234,18.169,39.497,9.250,18.806,46.457,9.480,19.027,54.685,9.647,19.317,61.611,10.138,19.662,69.748,10.501,20.180,76.791,10.900,19.614,85.464,10.541,10.631,-0.000,20.574,9.388,9.990,22.439,9.613,16.192,22.950,9.594,25.142,22.687,10.065,30.928,23.207,9.993,39.939,22.937,10.488,46.032,23.456,10.638,54.862,23.352,11.221,60.509,24.079,11.195,69.628,24.123,11.582,75.340,24.912,10.984,85.437,25.261,24.738,-0.000,19.561,25.715,10.110,22.399,25.662,15.678,23.007,26.081,24.680,22.806,26.081,30.354,23.318,26.485,39.349,23.123,26.576,45.179,23.564,27.204,54.067,23.572,27.246,60.023,24.259,27.728,69.261,24.376,27.556,75.444,25.132,28.037,85.499,25.327
26.000,26.000,26.000,558.047,637.109,555.929,18.355,-0.000,9.910,17.087,9.897,8.481,17.596,16.739,8.885,17.954,23.935,8.888,18.037,31.088,9.242,18.220,39.035,9.261,18.876,45.940,9.499,19.121,54.020,9.670,19.428,60.889,10.172,19.787,68.885,10.542,20.314,75.874,10.956,19.748,84.443,10.615,10.631,-0.000,20.574,9.394,9.971,22.446,9.620,16.070,22.959,9.618,24.932,22.700,10.098,30.592,23.223,10.045,39.519,22.957,10.551,45.499,23.478,10.726,54.234,23.383,11.322,59.742,24.115,11.313,68.781,24.172,11.706,74.357,24.968,11.112,84.418,25.333,24.738,-0.000,19.561,25.712,10.096,22.408,25.665,15.521,23.017,26.102,24.435,22.821,26.112,29.975,23.337,26.534,38.884,23.147,26.637,44.589,23.590,27.291,53.384,23.610,27.344,59.220,24.304,27.845,68.383,24.435,27.676,74.463,25.201,28.154,84.480,25.406
27.000,27.000,27.000,578.620,660.978,573.544,18.355,-0.000,9.910,17.087,9.859,8.471,17.604,16.642,8.883,17.974,23.663,8.890,18.072,30.767,9.251,18.271,38.570,9.271,18.948,45.418,9.517,19.216,53.348,9.693,19.541,60.158,10.206,19.913,68.013,10.582,20.450,74.947,11.011,19.884,83.412,10.688,10.631,-0.000,20.574,9.400,9.952,22.454,9.628,15.948,22.969,9.643,24.721,22.712,10.133,30.254,23.238,10.097,39.095,22.977,10.615,44.960,23.499,10.816,53.599,23.413,11.423,58.967,24.151,11.433,67.926,24.220,11.831,73.364,25.023,11.241,83.389,25.403,24.738,-0.000,19.561,25.708,10.083,22.418,25.668,15.362,23.027,26.123,24.188,22.836,26.142,29.593,23.355,26.583,38.413,23.171,26.698,43.991,23.615,27.379,52.692,23.647,27.443,58.409,24.347,27.964,67.496,24.493,27.798,73.472,25.268,28.272,83.451,25.484
28.000,28.000,28.000,596.602,681.771,588.177,18.355,-0.000,9.910,17.087,9.823,8.461,17.612,16.549,8.881,17.993,23.398,8.892,18.106,30.456,9.259,18.321,38.118,9.282,19.020,44.911,9.535,19.310,52.696,9.715,19.652,59.448,10.238,20.038,67.166,10.620,20.585,74.046,11.064,20.019,82.410,10.757,10.631,-0.000,20.574,9.406,9.933,22.461,9.636,15.831,22.977,9.668,24.516,22.724,10.167,29.927,23.253,10.150,38.685,22.996,10.679,44.438,23.520,10.905,52.984,23.443,11.524,58.215,24.186,11.553,67.096,24.267,11.956,72.399,25.075,11.370,82.390,25.469,24.738,-0.000,19.561,25.705,10.069,22.427,25.671,15.207,23.037,26.144,23.946,22.849,26.171,29.220,23.372,26.632,37.954,23.194,26.758,43.409,23.639,27.467,52.018,23.682,27.540,57.619,24.389,28.082,66.633,24.549,27.918,72.508,25.332,28.389,82.451,25.558
29.000,29.000,29.000,613.097,700.765,600.837,18.355,-0.000,9.910,17.087,9.785,8.451,17.620,16.452,8.880,18.012,23.126,8.895,18.140,30.135,9.268,18.372,37.652,9.292,19.092,44.389,9.554,19.405,52.023,9.737,19.766,58.716,10.271,20.165,66.293,10.658,20.722,73.116,11.116,20.156,81.378,10.825,10.631,-0.000,20.574,9.412,9.914,22.468,9.644,15.710,22.986,9.693,24.305,22.737,10.201,29.591,23.268,10.204,38.262,23.015,10.744,43.901,23.541,10.996,52.350,23.472,11.626,57.440,24.220,11.674,66.240,24.313,12.082,71.405,25.126,11.500,81.360,25.535,24.738,-0.000,19.561,25.702,10.056,22.437,25.673,15.048,23.047,26.165,23.697,22.863,26.201,28.835,23.389,26.681,37.481,23.217,26.819,42.809,23.663,27.555,51.324,23.718,27.639,56.804,24.431,28.202,65.743,24.605,28.040,71.515,25.396,28.509,81.420,25.632
30.000,30.000,30.000,633.240,724.120,617.419,18.355,-0.000,9.910,17.087,9.748,8.442,17.629,16.356,8.878,18.031,22.854,8.897,18.174,29.815,9.276,18.424,37.187,9.302,19.165,43.867,9.572,19.501,51.350,9.759,19.880,57.983,10.302,20.292,65.418,10.695,20.860,72.186,11.167,20.294,80.345,10.892,10.631,-0.000,20.574,9.418,9.894,22.475,9.652,15.590,22.994,9.719,24.095,22.748,10.236,29.255,23.282,10.259,37.840,23.034,10.809,43.364,23.561,11.087,51.716,23.502,11.728,56.664,24.253,11.796,65.384,24.358,12.209,70.410,25.175,11.630,80.329,25.599,24.738,-0.000,19.561,25.698,10.042,22.447,25.674,14.887,23.056,26.186,23.447,22.877,26.230,28.449,23.406,26.731,37.007,23.239,26.879,42.208,23.687,27.643,50.627,23.754,27.737,55.988,24.471,28.321,64.851,24.659,28.162,70.521,25.459,28.628,80.389,25.705
30.000,30.000,30.000,633.240,724.120,617.419,18.355,-0.000,9.910,17.087,9.748,8.442,17.629,16.356,8.878,18.031,22.854,8.897,18.174,29.815,9.276,18.424,37.187,9.302,19.165,43.867,9.572,19.501,51.350,9.759,19.880,57.983,10.302,20.292,65.418,10.695,20.860,72.186,11.167,20.294,80.345,10.892,10.631,-0.000,20.574,9.418,9.894,22.475,9.652,15.590,22.994,9.719,24.095,22.748,10.236,29.255,23.282,10.259,37.840,23.034,10.809,43.364,23.561,11.087,51.716,23.502,11.728,56.664,24.253,11.796,65.384,24.358,12.209,70.410,25.175,11.630,80.329,25.599,24.738,-0.000,19.561,25.698,10.042,22.447,25.674,14.887,23.056,26.186,23.447,22.877,26.230,28.449,23.406,26.731,37.007,23.239,26.879,42.208,23.687,27.643,50.627,23.754,27.737,55.988,24.471,28.321,64.851,24.659,28.162,70.521,25.459,28.628,80.389,25.705
30.000,30.000,30.000,633.240,724.120,617.419,18.355,-0.000,9.910,17.087,9.748,8.442,17.629,16.356,8.878,18.031,22.854,8.897,18.174,29.815,9.276,18.424,37.187,9.302,19.165,43.867,9.572,19.501,51.350,9.759,19.880,57.983,10.302,20.292,65.418,10.695,20.860,72.186,11.167,20.294,80.345,10.892,10.631,-0.000,20.574,9.418,9.894,22.475,9.652,15.590,22.994,9.719,24.095,22.748,10.236,29.255,23.282,10.259,37.840,23.034,10.809,43.364,23.561,11.087,51.716,23.502,11.728,56.664,24.253,11.796,65.384,24.358,12.209,70.410,25.175,11.630,80.329,25.599,24.738,-0.000,19.561,25.698,10.042,22.447,25.674,14.887,23.056,26.186,23.447,22.877,26.230,28.449,23.406,26.731,37.007,23.239,26.879,42.208,23.687,27.643,50.627,23.754,27.737,55.988,24.471,28.321,64.851,24.659,28.162,70.521,25.459,28.628,80.389,25.705
30.010,30.000,30.000,633.240,724.120,617.419,18.355,-0.000,9.910,17.087,9.748,8.442,17.629,16.356,8.878,18.031,22.854,8.897,18.174,29.815,9.276,18.424,37.187,9.302,19.165,43.867,9.572,19.501,51.350,9.759,19.880,57.983,10.302,20.292,65.418,10.695,20.860,72.186,11.167,20.294,80.345,10.892,10.631,-0.000,20.574,9.418,9.894,22.475,9.652,15.590,22.994,9.719,24.095,22.748,10.236,29.255,23.282,10.259,37.840,23.034,10.809,43.364,23.561,11.087,51.716,23.502,11.728,56.664,24.253,11.796,65.384,24.358,12.209,70.410,25.175,11.630,80.329,25.599,24.738,-0.000,19.561,25.698,10.042,22.447,25.674,14.887,23.056,26.186,23.447,22.877,26.230,28.449,23.406,26.731,37.007,23.239,26.879,42.208,23.687,27.643,50.627,23.754,27.737,55.988,24.471,28.321,64.851,24.659,28.162,70.521,25.459,28.628,80.389,25.705
40.010,30.000,30.000,1056.654,590.106,460.929,18.355,-0.000,9.910,17.105,9.464,8.356,17.690,15.832,8.623,18.040,20.620,8.219,18.228,27.383,7.639,18.466,33.111,6.424,19.243,39.413,4.974,19.521,44.799,3.150,19.941,50.828,1.041,20.309,55.864,-1.429,20.911,61.579,-4.571,20.341,67.295,-8.991,10.631,-0.000,20.574,9.417,9.917,22.438,9.653,15.385,22.790,9.784,23.971,21.839,10.286,28.851,21.628,10.364,37.388,19.606,10.940,42.649,18.670,11.313,50.784,15.766,11.972,55.359,14.475,12.082,63.387,10.258,12.507,67.937,8.247,11.994,76.392,2.907,24.738,-0.000,19.561,25.687,10.061,22.429,25.656,14.629,22.941,26.191,23.288,22.056,26.244,28.038,21.914,26.807,36.552,19.978,26.985,41.413,19.109,27.828,49.685,16.280,27.942,54.651,14.822,28.586,62.885,10.617,28.473,67.979,8.225,28.909,76.308,2.716
50.010,30.000,30.000,2048.557,433.692,306.976,18.355,-0.000,9.910,17.127,8.789,8.181,17.757,14.564,8.125,18.037,18.338,7.369,18.247,24.446,5.904,18.385,28.181,4.123,19.112,33.351,1.075,19.292,36.555,-1.658,19.691,40.673,-5.793,19.983,43.004,-9.230,20.553,45.743,-14.558,19.943,47.814,-21.289,10.631,-0.000,20.574,9.425,9.953,22.352,9.651,14.980,22.366,9.810,23.632,20.499,10.268,28.063,19.598,10.328,36.168,15.606,10.874,40.683,13.241,11.276,47.475,7.378,11.906,50.827,4.417,11.997,55.906,-3.565,12.386,58.512,-7.736,11.886,62.362,-17.087,24.738,-0.000,19.561,25.672,10.101,22.370,25.621,14.247,22.640,26.160,22.989,20.814,26.184,27.424,20.044,26.736,35.531,16.148,26.888,39.596,14.051,27.749,46.571,8.185,27.841,50.202,4.922,28.490,55.504,-3.155,28.393,58.293,-7.911,28.745,61.963,-17.352
60.010,30.000,30.000,4560.354,270.603,48.088,18.355,-0.000,9.910,17.136,7.329,7.874,17.743,11.676,7.355,17.918,15.323,5.880,17.959,19.644,3.704,17.980,22.773,0.934,18.453,25.688,-2.500,18.539,27.710,-6.302,18.868,29.131,-10.297,19.238,29.455,-14.497,19.860,29.213,-18.614,19.303,27.454,-24.962,10.631,-0.000,20.574,9.469,10.021,22.156,9.585,14.055,21.607,9.564,22.810,17.993,9.836,26.583,16.173,9.690,33.664,9.732,10.064,36.810,6.374,10.262,41.138,-2.119,10.870,42.835,-6.069,11.232,43.594,-16.097,11.639,43.703,-20.435,11.446,41.658,-30.469,24.738,-0.000,19.561,25.646,10.202,22.191,25.538,13.794,21.955,25.893,22.652,18.368,25.795,26.536,16.639,26.093,33.632,10.345,26.122,36.432,7.372,26.801,41.045,-1.147,26.834,42.663,-5.042,27.717,43.540,-15.204,27.788,43.444,-20.178,28.112,41.274,-30.219
70.000,30.000,30.000,8467.273,0.100,0.100,18.355,-0.000,9.910,17.168,7.213,7.686,17.770,10.659,7.052,18.019,13.926,5.400,18.106,16.547,3.699,18.139,19.224,0.777,18.559,20.814,-2.220,18.554,21.830,-6.271,18.766,21.896,-9.429,19.039,20.865,-13.107,19.507,19.874,-15.207,18.801,16.773,-19.514,10.631,-0.000,20.574,9.455,10.037,22.113,9.511,13.817,21.405,9.577,22.541,17.160,9.799,25.301,15.391,9.615,31.485,7.718,9.914,33.674,4.192,9.818,35.879,-5.526,10.310,36.242,-9.441,10.482,33.611,-19.315,10.659,32.430,-22.597,10.727,26.722,-30.943,24.738,-0.000,19.561,25.639,10.241,22.187,25.431,13.466,22.017,25.866,22.295,17.794,25.723,25.528,16.057,25.972,31.789,8.593,25.945,34.057,5.116,26.388,36.628,-4.742,26.283,36.912,-8.871,26.979,34.409,-18.916,26.989,32.778,-22.682,26.794,27.103,-30.980
70.000,30.000,30.000,8467.273,0.100,0.100,18.355,-0.000,9.910,17.168,7.213,7.686,17.770,10.659,7.052,18.019,13.926,5.400,18.106,16.547,3.699,18.139,19.224,0.777,18.559,20.814,-2.220,18.554,21.830,-6.271,18.766,21.896,-9.429,19.039,20.865,-13.107,19.507,19.874,-15.207,18.801,16.773,-19.514,10.631,-0.000,20.574,9.455,10.037,22.113,9.511,13.817,21.405,9.577,22.541,17.160,9.799,25.301,15.391,9.615,31.485,7.718,9.914,33.674,4.192,9.818,35.879,-5.526,10.310,36.242,-9.441,10.482,33.611,-19.315,10.659,32.430,-22.597,10.727,26.722,-30.943,24.738,-0.000,19.561,25.639,10.241,22.187,25.431,13.466,22.017,25.866,22.295,17.794,25.723,25.528,16.057,25.972,31.789,8.593,25.945,34.057,5.116,26.388,36.628,-4.742,26.283,36.912,-8.871,26.979,34.409,-18.916,26.989,32.778,-22.682,26.794,27.103,-30.980
